{
	"credit": "Made with Blockbench",
	"texture_size": [128, 128],
	"textures": {
		"0": "item/torch",
		"1": "block/cop_machine"
	},
	"elements": [
		{
			"from": [-3, 0, 14],
			"to": [14, 32, 16],
			"rotation": {"angle": 0, "axis": "y", "origin": [12.75, 16.25, 7.75]},
			"faces": {
				"north": {"uv": [0, 0, 2.125, 4], "texture": "#1"},
				"east": {"uv": [0, 12, 0.25, 16], "texture": "#1"},
				"south": {"uv": [2.125, 0, 4.25, 4], "texture": "#1"},
				"west": {"uv": [0.25, 12, 0.5, 16], "texture": "#1"},
				"up": {"uv": [4.125, 7.625, 2, 7.375], "texture": "#1"},
				"down": {"uv": [4.125, 7.625, 2, 7.875], "texture": "#1"}
			}
		},
		{
			"from": [-8, 0, 0],
			"to": [-3, 32, 16],
			"rotation": {"angle": 0, "axis": "y", "origin": [12.75, 16.25, 7.75]},
			"faces": {
				"north": {"uv": [7, 4, 7.625, 8], "texture": "#1"},
				"east": {"uv": [4.25, 0, 6.25, 4], "texture": "#1"},
				"south": {"uv": [7.625, 4, 8.25, 8], "texture": "#1"},
				"west": {"uv": [0, 4, 2, 8], "texture": "#1"},
				"up": {"uv": [8.875, 6, 8.25, 4], "texture": "#1"},
				"down": {"uv": [8.875, 6, 8.25, 8], "texture": "#1"}
			}
		},
		{
			"from": [14, 0, 0],
			"to": [16, 32, 16],
			"rotation": {"angle": 0, "axis": "y", "origin": [12.75, 16.25, 7.75]},
			"faces": {
				"north": {"uv": [6.25, 4, 6.5, 8], "texture": "#1"},
				"east": {"uv": [0, 4, 2, 8], "texture": "#1"},
				"south": {"uv": [6.5, 4, 6.75, 8], "texture": "#1"},
				"west": {"uv": [4.25, 0, 6.25, 4], "texture": "#1"},
				"up": {"uv": [7, 6, 6.75, 4], "texture": "#1"},
				"down": {"uv": [7, 6, 6.75, 8], "texture": "#1"}
			}
		},
		{
			"from": [-3, 30, 0],
			"to": [14, 32, 14],
			"rotation": {"angle": 0, "axis": "y", "origin": [12.75, 16.25, 7.75]},
			"faces": {
				"north": {"uv": [6.25, 3.75, 8.375, 4], "texture": "#1"},
				"east": {"uv": [0, 13.5, 1.75, 13.75], "texture": "#1"},
				"south": {"uv": [0, 13.5, 2.125, 13.75], "texture": "#1"},
				"west": {"uv": [0, 13.5, 1.75, 13.75], "texture": "#1"},
				"up": {"uv": [6.25, 5.75, 4.125, 4], "texture": "#1"},
				"down": {"uv": [6.25, 5.75, 4.125, 7.5], "texture": "#1"}
			}
		},
		{
			"from": [-3, 0, 0],
			"to": [14, 3, 14],
			"rotation": {"angle": 0, "axis": "y", "origin": [12.75, 16.25, 7.75]},
			"faces": {
				"north": {"uv": [6.25, 3.375, 8.375, 3.75], "texture": "#1"},
				"east": {"uv": [0, 13.5, 1.75, 13.875], "texture": "#1"},
				"south": {"uv": [0, 13.5, 2.125, 13.875], "texture": "#1"},
				"west": {"uv": [0, 13.5, 1.75, 13.875], "texture": "#1"},
				"up": {"uv": [4.125, 5.625, 2, 4], "texture": "#1"},
				"down": {"uv": [4.125, 5.625, 2, 7.375], "texture": "#1"}
			}
		},
		{
			"from": [-3, 7, 0],
			"to": [14, 9, 1],
			"rotation": {"angle": 0, "axis": "y", "origin": [12.75, 16.25, 7.75]},
			"faces": {
				"north": {"uv": [6.25, 2.625, 8.375, 2.875], "texture": "#1"},
				"east": {"uv": [0, 13.5, 0.125, 13.75], "texture": "#1"},
				"south": {"uv": [0, 13.5, 2.125, 13.75], "texture": "#1"},
				"west": {"uv": [0, 13.5, 0.125, 13.75], "texture": "#1"},
				"up": {"uv": [10.5, 2.75, 8.375, 2.625], "texture": "#1"},
				"down": {"uv": [2.125, 13.5, 0, 13.625], "texture": "#1"}
			}
		},
		{
			"from": [-3, 3, 0],
			"to": [1, 7, 1],
			"rotation": {"angle": 0, "axis": "y", "origin": [12.75, 16.25, 7.75]},
			"faces": {
				"north": {"uv": [7.375, 2.875, 7.875, 3.375], "texture": "#1"},
				"east": {"uv": [7.875, 2.875, 8, 3.375], "texture": "#1"},
				"south": {"uv": [0, 13.5, 0.5, 14], "texture": "#1"},
				"west": {"uv": [0, 12.125, 0.125, 12.625], "texture": "#1"},
				"up": {"uv": [0.5, 13.625, 0, 13.5], "texture": "#1"},
				"down": {"uv": [0.5, 13.5, 0, 13.625], "texture": "#1"}
			}
		},
		{
			"from": [10, 3, 0],
			"to": [14, 7, 1],
			"rotation": {"angle": 0, "axis": "y", "origin": [12.75, 16.25, 7.75]},
			"faces": {
				"north": {"uv": [7.375, 2.875, 7.875, 3.375], "texture": "#1"},
				"east": {"uv": [0, 12.125, 0.125, 12.625], "texture": "#1"},
				"south": {"uv": [0, 13.5, 0.5, 14], "texture": "#1"},
				"west": {"uv": [7.875, 2.875, 8, 3.375], "texture": "#1"},
				"up": {"uv": [0.5, 13.625, 0, 13.5], "texture": "#1"},
				"down": {"uv": [0.5, 13.5, 0, 13.625], "texture": "#1"}
			}
		},
		{
			"from": [1, 3, 0.25],
			"to": [10, 7, 1],
			"rotation": {"angle": 0, "axis": "y", "origin": [12.75, 16.25, 7.75]},
			"faces": {
				"north": {"uv": [6.25, 2.875, 7.375, 3.375], "texture": "#1"},
				"east": {"uv": [0, 13.5, 0.125, 14], "texture": "#1"},
				"south": {"uv": [0, 13.5, 1.125, 14], "texture": "#1"},
				"west": {"uv": [0.125, 13.5, 0.25, 14], "texture": "#1"},
				"up": {"uv": [1.125, 13.625, 0, 13.5], "texture": "#1"},
				"down": {"uv": [1.125, 13.625, 0, 13.75], "texture": "#1"}
			}
		},
		{
			"from": [-3, 8, 1],
			"to": [14, 9, 14],
			"rotation": {"angle": 0, "axis": "y", "origin": [12.75, 16.25, 7.75]},
			"faces": {
				"north": {"uv": [0, 13.5, 2.125, 13.625], "texture": "#1"},
				"east": {"uv": [0, 13.5, 1.625, 13.625], "texture": "#1"},
				"south": {"uv": [0, 13.5, 2.125, 13.625], "texture": "#1"},
				"west": {"uv": [0, 13.5, 1.625, 13.625], "texture": "#1"},
				"up": {"uv": [4.125, 5.625, 2, 4], "texture": "#1"},
				"down": {"uv": [4.125, 5.6875, 2, 7.3125], "texture": "#1"}
			}
		},
		{
			"from": [-3, 10, 7],
			"to": [14, 11, 14],
			"rotation": {"angle": 0, "axis": "y", "origin": [12.75, 16.25, 7.75]},
			"faces": {
				"north": {"uv": [8.375, 1.75, 10.5, 1.875], "texture": "#1"},
				"east": {"uv": [0, 13.5, 0.875, 13.625], "texture": "#1"},
				"south": {"uv": [0, 13.5, 2.125, 13.625], "texture": "#1"},
				"west": {"uv": [0, 13.625, 0.875, 13.75], "texture": "#1"},
				"up": {"uv": [10.5, 1.75, 8.375, 0.875], "texture": "#1"},
				"down": {"uv": [10.5, 0, 8.375, 0.875], "texture": "#1"}
			}
		},
		{
			"from": [-3, 20, 7],
			"to": [14, 21, 14],
			"rotation": {"angle": 0, "axis": "y", "origin": [12.75, 16.25, 7.75]},
			"faces": {
				"north": {"uv": [8.375, 1.75, 10.5, 1.875], "texture": "#1"},
				"east": {"uv": [0, 13.5, 0.875, 13.625], "texture": "#1"},
				"south": {"uv": [0, 13.5, 2.125, 13.625], "texture": "#1"},
				"west": {"uv": [0, 13.625, 0.875, 13.75], "texture": "#1"},
				"up": {"uv": [10.5, 1.75, 8.375, 0.875], "texture": "#1"},
				"down": {"uv": [10.5, 0, 8.375, 0.875], "texture": "#1"}
			}
		},
		{
			"from": [-3, 9, 0.5],
			"to": [14, 10, 0.5],
			"rotation": {"angle": 0, "axis": "y", "origin": [12.75, 16.25, 7.75]},
			"faces": {
				"north": {"uv": [6.25, 2.5, 8.375, 2.625], "texture": "#1"},
				"east": {"uv": [0, 0, 0, 2.625], "texture": "#1"},
				"south": {"uv": [6.25, 0, 8.375, 2.625], "texture": "#1"},
				"west": {"uv": [0, 0, 0, 2.625], "texture": "#1"},
				"up": {"uv": [2.125, 0, 0, 0], "texture": "#1"},
				"down": {"uv": [2.125, 0, 0, 0], "texture": "#1"}
			}
		},
		{
			"from": [-3, 29, 0.5],
			"to": [14, 30, 0.5],
			"rotation": {"angle": 0, "axis": "y", "origin": [12.75, 16.25, 7.75]},
			"faces": {
				"north": {"uv": [6.25, 0, 8.375, 0.125], "texture": "#1"},
				"east": {"uv": [0, 0, 0, 2.625], "texture": "#1"},
				"south": {"uv": [6.25, 0, 8.375, 2.625], "texture": "#1"},
				"west": {"uv": [0, 0, 0, 2.625], "texture": "#1"},
				"up": {"uv": [2.125, 0, 0, 0], "texture": "#1"},
				"down": {"uv": [2.125, 0, 0, 0], "texture": "#1"}
			}
		},
		{
			"from": [-3, 10, 0.5],
			"to": [-2, 29, 0.5],
			"rotation": {"angle": 0, "axis": "y", "origin": [12.75, 16.25, 7.75]},
			"faces": {
				"north": {"uv": [8.25, 0.125, 8.375, 2.5], "texture": "#1"},
				"east": {"uv": [0, 0, 0, 2.5], "texture": "#missing"},
				"south": {"uv": [0, 0, 0.125, 2.5], "texture": "#missing"},
				"west": {"uv": [0, 0, 0, 2.5], "texture": "#missing"},
				"up": {"uv": [0, 0, 0.125, 0], "texture": "#missing"},
				"down": {"uv": [0, 0, 0.125, 0], "texture": "#missing"}
			}
		},
		{
			"from": [13, 10, 0.5],
			"to": [14, 29, 0.5],
			"rotation": {"angle": 0, "axis": "y", "origin": [12.75, 16.25, 7.75]},
			"faces": {
				"north": {"uv": [6.25, 0.125, 6.375, 2.5], "texture": "#1"},
				"east": {"uv": [0, 0, 0, 2.5], "texture": "#missing"},
				"south": {"uv": [0, 0, 0.125, 2.5], "texture": "#missing"},
				"west": {"uv": [0, 0, 0, 2.5], "texture": "#missing"},
				"up": {"uv": [0, 0, 0.125, 0], "texture": "#missing"},
				"down": {"uv": [0, 0, 0.125, 0], "texture": "#missing"}
			}
		},
		{
			"from": [-1.5, 10.5, 0.5],
			"to": [-1, 11, 0.5],
			"rotation": {"angle": 0, "axis": "y", "origin": [12.75, 16.25, 7.75]},
			"faces": {
				"north": {"uv": [8.125, 2.4375, 8.1875, 2.5], "texture": "#1"},
				"east": {"uv": [0, 0, 0, 0.0625], "texture": "#missing"},
				"south": {"uv": [0, 0, 0.0625, 0.0625], "texture": "#missing"},
				"west": {"uv": [0, 0, 0, 0.0625], "texture": "#missing"},
				"up": {"uv": [0, 0, 0.0625, 0], "texture": "#missing"},
				"down": {"uv": [0, 0, 0.0625, 0], "texture": "#missing"}
			}
		},
		{
			"from": [-2, 11, 0.5],
			"to": [-1.5, 11.5, 0.5],
			"rotation": {"angle": 0, "axis": "y", "origin": [12.75, 16.25, 7.75]},
			"faces": {
				"north": {"uv": [8.1875, 2.375, 8.25, 2.4375], "texture": "#1"},
				"east": {"uv": [0, 0, 0, 0.0625], "texture": "#missing"},
				"south": {"uv": [0, 0, 0.0625, 0.0625], "texture": "#missing"},
				"west": {"uv": [0, 0, 0, 0.0625], "texture": "#missing"},
				"up": {"uv": [0, 0, 0.0625, 0], "texture": "#missing"},
				"down": {"uv": [0, 0, 0.0625, 0], "texture": "#missing"}
			}
		},
		{
			"from": [12.5, 27, 0.5],
			"to": [13, 27.5, 0.5],
			"rotation": {"angle": 0, "axis": "y", "origin": [12.75, 16.25, 7.75]},
			"faces": {
				"north": {"uv": [6.375, 0.25, 6.4375, 0.3125], "texture": "#1"},
				"east": {"uv": [0, 0, 0, 0.0625], "texture": "#missing"},
				"south": {"uv": [0, 0, 0.0625, 0.0625], "texture": "#missing"},
				"west": {"uv": [0, 0, 0, 0.0625], "texture": "#missing"},
				"up": {"uv": [0, 0, 0.0625, 0], "texture": "#missing"},
				"down": {"uv": [0, 0, 0.0625, 0], "texture": "#missing"}
			}
		},
		{
			"from": [12, 27.5, 0.5],
			"to": [12.5, 28, 0.5],
			"rotation": {"angle": 0, "axis": "y", "origin": [12.75, 16.25, 7.75]},
			"faces": {
				"north": {"uv": [6.4375, 0.1875, 6.5, 0.25], "texture": "#1"},
				"east": {"uv": [0, 0, 0, 0.0625], "texture": "#missing"},
				"south": {"uv": [0, 0, 0.0625, 0.0625], "texture": "#missing"},
				"west": {"uv": [0, 0, 0, 0.0625], "texture": "#missing"},
				"up": {"uv": [0, 0, 0.0625, 0], "texture": "#missing"},
				"down": {"uv": [0, 0, 0.0625, 0], "texture": "#missing"}
			}
		},
		{
			"from": [11.5, 28, 0.5],
			"to": [12, 28.5, 0.5],
			"rotation": {"angle": 0, "axis": "y", "origin": [12.75, 16.25, 7.75]},
			"faces": {
				"north": {"uv": [6.5, 0.125, 6.5625, 0.1875], "texture": "#1"},
				"east": {"uv": [0, 0, 0, 0.0625], "texture": "#missing"},
				"south": {"uv": [0, 0, 0.0625, 0.0625], "texture": "#missing"},
				"west": {"uv": [0, 0, 0, 0.0625], "texture": "#missing"},
				"up": {"uv": [0, 0, 0.0625, 0], "texture": "#missing"},
				"down": {"uv": [0, 0, 0.0625, 0], "texture": "#missing"}
			}
		},
		{
			"name": "coin",
			"from": [-7.35, 25, -0.01],
			"to": [-4.65, 27.7, -0.01],
			"faces": {
				"north": {"uv": [0.3125, 8.25, 1.75, 9.6875], "texture": "#1"},
				"east": {"uv": [2.375, 9.1875, 2.4375, 9.625], "texture": "#1"},
				"south": {"uv": [4.75, 10.0625, 5.125, 10.4375], "texture": "#1"},
				"west": {"uv": [0.5, 9.9375, 0.625, 10.3125], "texture": "#1"},
				"up": {"uv": [0.6875, 10.4375, 0.625, 10.5], "texture": "#1"},
				"down": {"uv": [3.75, 10.125, 4.125, 10.25], "texture": "#1"}
			}
		},
		{
			"name": "Lampe",
			"from": [0.71561, 11, 11.60747],
			"to": [2.46561, 12.75, 13.10747],
			"rotation": {"angle": -22.5, "axis": "y", "origin": [12.75, 16.25, 7.75]},
			"faces": {
				"north": {"uv": [4, 0, 8, 4], "texture": "#0"},
				"east": {"uv": [0, 0, 4, 4], "rotation": 90, "texture": "#0"},
				"south": {"uv": [0, 0, 4, 4], "rotation": 180, "texture": "#0"},
				"west": {"uv": [0, 0, 4, 4], "rotation": 270, "texture": "#0"},
				"up": {"uv": [0, 0, 4, 4], "texture": "#0"},
				"down": {"uv": [0, 0, 4, 4], "rotation": 180, "texture": "#0"}
			}
		},
		{
			"name": "Manche",
			"from": [1.19146, 11.5, 13.1959],
			"to": [2.19146, 12.5, 15.1959],
			"rotation": {"angle": -22.5, "axis": "y", "origin": [12.75, 16.25, 7.75]},
			"faces": {
				"north": {"uv": [9, 1.125, 11.25, 3.375], "texture": "#0"},
				"east": {"uv": [0, 4.0625, 1.0625, 11.875], "rotation": 270, "texture": "#0"},
				"south": {"uv": [1, 2.125, 2.25, 3.375], "rotation": 180, "texture": "#0"},
				"west": {"uv": [0, 4.0625, 1.0625, 11.875], "rotation": 270, "texture": "#0"},
				"up": {"uv": [0, 4.125, 1.0625, 11.9375], "texture": "#0"},
				"down": {"uv": [0, 4.1875, 1, 11.9375], "rotation": 180, "texture": "#0"}
			}
		},
		{
			"name": "Lampe",
			"from": [10.71561, 11, 7.60747],
			"to": [12.46561, 12.75, 9.10747],
			"rotation": {"angle": -22.5, "axis": "y", "origin": [12.75, 16.25, 7.75]},
			"faces": {
				"north": {"uv": [4, 0, 8, 4], "texture": "#0"},
				"east": {"uv": [0, 0, 4, 4], "rotation": 90, "texture": "#0"},
				"south": {"uv": [0, 0, 4, 4], "rotation": 180, "texture": "#0"},
				"west": {"uv": [0, 0, 4, 4], "rotation": 270, "texture": "#0"},
				"up": {"uv": [0, 0, 4, 4], "texture": "#0"},
				"down": {"uv": [0, 0, 4, 4], "rotation": 180, "texture": "#0"}
			}
		},
		{
			"name": "Manche",
			"from": [11.19146, 11.5, 9.1959],
			"to": [12.19146, 12.5, 11.1959],
			"rotation": {"angle": -22.5, "axis": "y", "origin": [12.75, 16.25, 7.75]},
			"faces": {
				"north": {"uv": [9, 1.125, 11.25, 3.375], "texture": "#0"},
				"east": {"uv": [0, 4.0625, 1.0625, 11.875], "rotation": 270, "texture": "#0"},
				"south": {"uv": [1, 2.125, 2.25, 3.375], "rotation": 180, "texture": "#0"},
				"west": {"uv": [0, 4.0625, 1.0625, 11.875], "rotation": 270, "texture": "#0"},
				"up": {"uv": [0, 4.125, 1.0625, 11.9375], "texture": "#0"},
				"down": {"uv": [0, 4.1875, 1, 11.9375], "rotation": 180, "texture": "#0"}
			}
		},
		{
			"name": "Lampe",
			"from": [5.71561, 11, 9.60747],
			"to": [7.46561, 12.75, 11.10747],
			"rotation": {"angle": -22.5, "axis": "y", "origin": [12.75, 16.25, 7.75]},
			"faces": {
				"north": {"uv": [4, 0, 8, 4], "texture": "#0"},
				"east": {"uv": [0, 0, 4, 4], "rotation": 90, "texture": "#0"},
				"south": {"uv": [0, 0, 4, 4], "rotation": 180, "texture": "#0"},
				"west": {"uv": [0, 0, 4, 4], "rotation": 270, "texture": "#0"},
				"up": {"uv": [0, 0, 4, 4], "texture": "#0"},
				"down": {"uv": [0, 0, 4, 4], "rotation": 180, "texture": "#0"}
			}
		},
		{
			"name": "Manche",
			"from": [6.19146, 11.5, 11.1959],
			"to": [7.19146, 12.5, 13.1959],
			"rotation": {"angle": -22.5, "axis": "y", "origin": [12.75, 16.25, 7.75]},
			"faces": {
				"north": {"uv": [9, 1.125, 11.25, 3.375], "texture": "#0"},
				"east": {"uv": [0, 4.0625, 1.0625, 11.875], "rotation": 270, "texture": "#0"},
				"south": {"uv": [1, 2.125, 2.25, 3.375], "rotation": 180, "texture": "#0"},
				"west": {"uv": [0, 4.0625, 1.0625, 11.875], "rotation": 270, "texture": "#0"},
				"up": {"uv": [0, 4.125, 1.0625, 11.9375], "texture": "#0"},
				"down": {"uv": [0, 4.1875, 1, 11.9375], "rotation": 180, "texture": "#0"}
			}
		},
		{
			"name": "Lampe",
			"from": [5.71561, 21, 9.60747],
			"to": [7.46561, 22.75, 11.10747],
			"rotation": {"angle": -22.5, "axis": "y", "origin": [12.75, 16.25, 7.75]},
			"faces": {
				"north": {"uv": [4, 0, 8, 4], "texture": "#0"},
				"east": {"uv": [0, 0, 4, 4], "rotation": 90, "texture": "#0"},
				"south": {"uv": [0, 0, 4, 4], "rotation": 180, "texture": "#0"},
				"west": {"uv": [0, 0, 4, 4], "rotation": 270, "texture": "#0"},
				"up": {"uv": [0, 0, 4, 4], "texture": "#0"}
			}
		},
		{
			"name": "Manche",
			"from": [6.19146, 21.5, 11.1959],
			"to": [7.19146, 22.5, 13.1959],
			"rotation": {"angle": -22.5, "axis": "y", "origin": [12.75, 16.25, 7.75]},
			"faces": {
				"north": {"uv": [9, 1.125, 11.25, 3.375], "texture": "#0"},
				"east": {"uv": [0, 4.0625, 1.0625, 11.875], "rotation": 270, "texture": "#0"},
				"south": {"uv": [1, 2.125, 2.25, 3.375], "rotation": 180, "texture": "#0"},
				"west": {"uv": [0, 4.0625, 1.0625, 11.875], "rotation": 270, "texture": "#0"},
				"up": {"uv": [0, 4.125, 1.0625, 11.9375], "texture": "#0"}
			}
		},
		{
			"name": "Lampe",
			"from": [10.71561, 21, 7.60747],
			"to": [12.46561, 22.75, 9.10747],
			"rotation": {"angle": -22.5, "axis": "y", "origin": [12.75, 16.25, 7.75]},
			"faces": {
				"north": {"uv": [4, 0, 8, 4], "texture": "#0"},
				"east": {"uv": [0, 0, 4, 4], "rotation": 90, "texture": "#0"},
				"south": {"uv": [0, 0, 4, 4], "rotation": 180, "texture": "#0"},
				"west": {"uv": [0, 0, 4, 4], "rotation": 270, "texture": "#0"},
				"up": {"uv": [0, 0, 4, 4], "texture": "#0"}
			}
		},
		{
			"name": "Manche",
			"from": [11.19146, 21.5, 9.1959],
			"to": [12.19146, 22.5, 11.1959],
			"rotation": {"angle": -22.5, "axis": "y", "origin": [12.75, 16.25, 7.75]},
			"faces": {
				"north": {"uv": [9, 1.125, 11.25, 3.375], "texture": "#0"},
				"east": {"uv": [0, 4.0625, 1.0625, 11.875], "rotation": 270, "texture": "#0"},
				"south": {"uv": [1, 2.125, 2.25, 3.375], "rotation": 180, "texture": "#0"},
				"west": {"uv": [0, 4.0625, 1.0625, 11.875], "rotation": 270, "texture": "#0"},
				"up": {"uv": [0, 4.125, 1.0625, 11.9375], "texture": "#0"}
			}
		},
		{
			"name": "Lampe",
			"from": [0.71561, 21, 11.60747],
			"to": [2.46561, 22.75, 13.10747],
			"rotation": {"angle": -22.5, "axis": "y", "origin": [12.75, 16.25, 7.75]},
			"faces": {
				"north": {"uv": [4, 0, 8, 4], "texture": "#0"},
				"east": {"uv": [0, 0, 4, 4], "rotation": 90, "texture": "#0"},
				"south": {"uv": [0, 0, 4, 4], "rotation": 180, "texture": "#0"},
				"west": {"uv": [0, 0, 4, 4], "rotation": 270, "texture": "#0"},
				"up": {"uv": [0, 0, 4, 4], "texture": "#0"}
			}
		},
		{
			"name": "Manche",
			"from": [1.19146, 21.5, 13.1959],
			"to": [2.19146, 22.5, 15.1959],
			"rotation": {"angle": -22.5, "axis": "y", "origin": [12.75, 16.25, 7.75]},
			"faces": {
				"north": {"uv": [9, 1.125, 11.25, 3.375], "texture": "#0"},
				"east": {"uv": [0, 4.0625, 1.0625, 11.875], "rotation": 270, "texture": "#0"},
				"south": {"uv": [1, 2.125, 2.25, 3.375], "rotation": 180, "texture": "#0"},
				"west": {"uv": [0, 4.0625, 1.0625, 11.875], "rotation": 270, "texture": "#0"},
				"up": {"uv": [0, 4.125, 1.0625, 11.9375], "texture": "#0"}
			}
		}
	],
	"display": {
		"thirdperson_righthand": {
			"rotation": [0, 90, 0],
			"translation": [0.5, 1.5, 0],
			"scale": [0.25, 0.25, 0.25]
		},
		"thirdperson_lefthand": {
			"rotation": [0, 90, 0],
			"translation": [0.5, 1.5, 0],
			"scale": [0.25, 0.25, 0.25]
		},
		"firstperson_righthand": {
			"rotation": [-45, 90, 0],
			"translation": [0, 2.25, 2],
			"scale": [0.25, 0.25, 0.25]
		},
		"firstperson_lefthand": {
			"rotation": [-45, 90, 0],
			"translation": [0, 2.25, 2],
			"scale": [0.25, 0.25, 0.25]
		},
		"ground": {
			"translation": [0, -1.75, 0],
			"scale": [0.25, 0.25, 0.25]
		},
		"gui": {
			"rotation": [30, -145, 0],
			"translation": [1.5, -2.25, 0],
			"scale": [0.4, 0.4, 0.4]
		},
		"fixed": {
			"rotation": [-90, 0, 0],
			"translation": [16, 0, -16],
			"scale": [2, 2, 2]
		}
	},
	"groups": [
		{
			"name": "group",
			"origin": [0, 0, 0],
			"color": 0,
			"children": [0, 1, 2, 3, 4, 5, 6, 7, 8, 9, 10, 11, 12, 13, 14, 15, 16, 17, 18, 19, 20, 21]
		},
		{
			"name": "Bas",
			"origin": [8, 8, 8],
			"color": 0,
			"children": [
				{
					"name": "Torche",
					"origin": [7, 9.5, 7],
					"color": 0,
					"children": [22, 23]
				},
				{
					"name": "Torche",
					"origin": [7, 9.5, 7],
					"color": 0,
					"children": [24, 25]
				},
				{
					"name": "Torche",
					"origin": [7, 9.5, 7],
					"color": 0,
					"children": [26, 27]
				}
			]
		},
		{
			"name": "Haut",
			"origin": [8, 8, 8],
			"color": 9,
			"children": [
				{
					"name": "Torche",
					"origin": [7, 9.5, 7],
					"color": 9,
					"children": [28, 29]
				},
				{
					"name": "Torche",
					"origin": [7, 9.5, 7],
					"color": 9,
					"children": [30, 31]
				},
				{
					"name": "Torche",
					"origin": [7, 9.5, 7],
					"color": 9,
					"children": [32, 33]
				}
			]
		}
	]
}