{
	"credit": "Made with Blockbench",
	"texture_size": [64, 64],
	"textures": {
		"0": "block/crate2",
		"particle": "block/crate2"
	},
	"elements": [
		{
			"from": [1, 0, 1],
			"to": [15, 16, 15],
			"faces": {
				"north": {"uv": [0, 0, 3.5, 4], "texture": "#0"},
				"east": {"uv": [0, 0, 3.5, 4], "texture": "#0"},
				"south": {"uv": [0, 0, 3.5, 4], "texture": "#0"},
				"west": {"uv": [0, 0, 3.5, 4], "texture": "#0"},
				"up": {"uv": [3.5, 7.5, 0, 4], "texture": "#0"},
				"down": {"uv": [3.5, 4, 0, 7.5], "texture": "#0"}
			}
		},
		{
			"from": [0, 0, 0],
			"to": [1, 1, 16],
			"faces": {
				"north": {"uv": [5.25, 1.5, 5.5, 1.75], "texture": "#0"},
				"east": {"uv": [5.25, 1, 9.25, 1.25], "texture": "#0"},
				"south": {"uv": [5.25, 1.75, 5.5, 2], "texture": "#0"},
				"west": {"uv": [5.25, 1.25, 9.25, 1.5], "texture": "#0"},
				"up": {"uv": [5, 5, 4.75, 1], "texture": "#0"},
				"down": {"uv": [5.25, 1, 5, 5], "texture": "#0"}
			}
		},
		{
			"from": [0, 15, 0],
			"to": [1, 16, 16],
			"faces": {
				"north": {"uv": [5.25, 1.5, 5.5, 1.75], "texture": "#0"},
				"east": {"uv": [5.25, 1, 9.25, 1.25], "texture": "#0"},
				"south": {"uv": [5.25, 1.75, 5.5, 2], "texture": "#0"},
				"west": {"uv": [5.25, 1.25, 9.25, 1.5], "texture": "#0"},
				"up": {"uv": [5, 5, 4.75, 1], "texture": "#0"},
				"down": {"uv": [5.25, 1, 5, 5], "texture": "#0"}
			}
		},
		{
			"from": [15, 0, 0],
			"to": [16, 1, 16],
			"faces": {
				"north": {"uv": [5.25, 1.5, 5.5, 1.75], "texture": "#0"},
				"east": {"uv": [5.25, 1, 9.25, 1.25], "texture": "#0"},
				"south": {"uv": [5.25, 1.75, 5.5, 2], "texture": "#0"},
				"west": {"uv": [5.25, 1.25, 9.25, 1.5], "texture": "#0"},
				"up": {"uv": [5, 5, 4.75, 1], "texture": "#0"},
				"down": {"uv": [5.25, 1, 5, 5], "texture": "#0"}
			}
		},
		{
			"from": [15, 15, 0],
			"to": [16, 16, 16],
			"faces": {
				"north": {"uv": [5.25, 1.5, 5.5, 1.75], "texture": "#0"},
				"east": {"uv": [5.25, 1, 9.25, 1.25], "texture": "#0"},
				"south": {"uv": [5.25, 1.75, 5.5, 2], "texture": "#0"},
				"west": {"uv": [5.25, 1.25, 9.25, 1.5], "texture": "#0"},
				"up": {"uv": [5, 5, 4.75, 1], "texture": "#0"},
				"down": {"uv": [5.25, 1, 5, 5], "texture": "#0"}
			}
		},
		{
			"from": [0, 1, 0],
			"to": [1, 15, 1],
			"faces": {
				"north": {"uv": [3.5, 1, 3.75, 4.5], "texture": "#0"},
				"east": {"uv": [3.75, 1, 4, 4.5], "texture": "#0"},
				"south": {"uv": [4, 1, 4.25, 4.5], "texture": "#0"},
				"west": {"uv": [4.25, 1, 4.5, 4.5], "texture": "#0"},
				"up": {"uv": [4.75, 1.25, 4.5, 1], "texture": "#0"},
				"down": {"uv": [4.75, 1.25, 4.5, 1.5], "texture": "#0"}
			}
		},
		{
			"from": [0, 1, 15],
			"to": [1, 15, 16],
			"faces": {
				"north": {"uv": [3.5, 1, 3.75, 4.5], "texture": "#0"},
				"east": {"uv": [3.75, 1, 4, 4.5], "texture": "#0"},
				"south": {"uv": [4, 1, 4.25, 4.5], "texture": "#0"},
				"west": {"uv": [4.25, 1, 4.5, 4.5], "texture": "#0"},
				"up": {"uv": [4.75, 1.25, 4.5, 1], "texture": "#0"},
				"down": {"uv": [4.75, 1.25, 4.5, 1.5], "texture": "#0"}
			}
		},
		{
			"from": [15, 1, 0],
			"to": [16, 15, 1],
			"faces": {
				"north": {"uv": [3.5, 1, 3.75, 4.5], "texture": "#0"},
				"east": {"uv": [3.75, 1, 4, 4.5], "texture": "#0"},
				"south": {"uv": [4, 1, 4.25, 4.5], "texture": "#0"},
				"west": {"uv": [4.25, 1, 4.5, 4.5], "texture": "#0"},
				"up": {"uv": [4.75, 1.25, 4.5, 1], "texture": "#0"},
				"down": {"uv": [4.75, 1.25, 4.5, 1.5], "texture": "#0"}
			}
		},
		{
			"from": [15, 1, 15],
			"to": [16, 15, 16],
			"faces": {
				"north": {"uv": [3.5, 1, 3.75, 4.5], "texture": "#0"},
				"east": {"uv": [3.75, 1, 4, 4.5], "texture": "#0"},
				"south": {"uv": [4, 1, 4.25, 4.5], "texture": "#0"},
				"west": {"uv": [4.25, 1, 4.5, 4.5], "texture": "#0"},
				"up": {"uv": [4.75, 1.25, 4.5, 1], "texture": "#0"},
				"down": {"uv": [4.75, 1.25, 4.5, 1.5], "texture": "#0"}
			}
		},
		{
			"from": [1, 0, 0],
			"to": [15, 1, 1],
			"faces": {
				"north": {"uv": [3.5, 0, 7, 0.25], "texture": "#0"},
				"east": {"uv": [7, 0, 7.25, 0.25], "texture": "#0"},
				"south": {"uv": [3.5, 0.25, 7, 0.5], "texture": "#0"},
				"west": {"uv": [7, 0.25, 7.25, 0.5], "texture": "#0"},
				"up": {"uv": [7, 0.75, 3.5, 0.5], "texture": "#0"},
				"down": {"uv": [7, 0.75, 3.5, 1], "texture": "#0"}
			}
		},
		{
			"from": [1, 15, 0],
			"to": [15, 16, 1],
			"faces": {
				"north": {"uv": [3.5, 0, 7, 0.25], "texture": "#0"},
				"east": {"uv": [7, 0, 7.25, 0.25], "texture": "#0"},
				"south": {"uv": [3.5, 0.25, 7, 0.5], "texture": "#0"},
				"west": {"uv": [7, 0.25, 7.25, 0.5], "texture": "#0"},
				"up": {"uv": [7, 0.75, 3.5, 0.5], "texture": "#0"},
				"down": {"uv": [7, 0.75, 3.5, 1], "texture": "#0"}
			}
		},
		{
			"from": [1, 0, 15],
			"to": [15, 1, 16],
			"faces": {
				"north": {"uv": [3.5, 0, 7, 0.25], "texture": "#0"},
				"east": {"uv": [7, 0, 7.25, 0.25], "texture": "#0"},
				"south": {"uv": [3.5, 0.25, 7, 0.5], "texture": "#0"},
				"west": {"uv": [7, 0.25, 7.25, 0.5], "texture": "#0"},
				"up": {"uv": [7, 0.75, 3.5, 0.5], "texture": "#0"},
				"down": {"uv": [7, 0.75, 3.5, 1], "texture": "#0"}
			}
		},
		{
			"from": [1, 15, 15],
			"to": [15, 16, 16],
			"faces": {
				"north": {"uv": [3.5, 0, 7, 0.25], "texture": "#0"},
				"east": {"uv": [7, 0, 7.25, 0.25], "texture": "#0"},
				"south": {"uv": [3.5, 0.25, 7, 0.5], "texture": "#0"},
				"west": {"uv": [7, 0.25, 7.25, 0.5], "texture": "#0"},
				"up": {"uv": [7, 0.75, 3.5, 0.5], "texture": "#0"},
				"down": {"uv": [7, 0.75, 3.5, 1], "texture": "#0"}
			}
		},
		{
			"from": [-1.00711, 1.4066, 0.5],
			"to": [0.99289, 21.4066, 1],
			"rotation": {"angle": -45, "axis": "z", "origin": [0, 0, 0]},
			"faces": {
				"north": {"uv": [5.5, 1.5, 6, 6.5], "texture": "#0"},
				"east": {"uv": [6.5, 1.5, 6.75, 6.5], "texture": "#0"},
				"south": {"uv": [6, 1.5, 6.5, 6.5], "texture": "#0"},
				"west": {"uv": [6.75, 1.5, 7, 6.5], "texture": "#0"},
				"up": {"uv": [7.5, 1.75, 7, 1.5], "texture": "#0"},
				"down": {"uv": [7.5, 1.75, 7, 2], "texture": "#0"}
			}
		},
		{
			"from": [0.5, 1.4066, -0.99289],
			"to": [1, 21.4066, 1.00711],
			"rotation": {"angle": 45, "axis": "x", "origin": [0, 0, 0]},
			"faces": {
				"north": {"uv": [6.5, 1.5, 6.75, 6.5], "texture": "#0"},
				"east": {"uv": [5.5, 1.5, 6, 6.5], "texture": "#0"},
				"south": {"uv": [6.75, 1.5, 7, 6.5], "texture": "#0"},
				"west": {"uv": [6, 1.5, 6.5, 6.5], "texture": "#0"},
				"up": {"uv": [7.5, 2, 7.25, 1.5], "texture": "#0"},
				"down": {"uv": [7.25, 1.5, 7, 2], "texture": "#0"}
			}
		},
		{
			"from": [14.99289, 1.4066, 15],
			"to": [16.99289, 21.4066, 15.5],
			"rotation": {"angle": 45, "axis": "z", "origin": [16, 0, 16]},
			"faces": {
				"north": {"uv": [5.5, 1.5, 6, 6.5], "texture": "#0"},
				"east": {"uv": [6.5, 1.5, 6.75, 6.5], "texture": "#0"},
				"south": {"uv": [6, 1.5, 6.5, 6.5], "texture": "#0"},
				"west": {"uv": [6.75, 1.5, 7, 6.5], "texture": "#0"},
				"up": {"uv": [7.5, 1.75, 7, 1.5], "texture": "#0"},
				"down": {"uv": [7.5, 1.75, 7, 2], "texture": "#0"}
			}
		},
		{
			"from": [15, 1.4066, 15.00711],
			"to": [15.5, 21.4066, 17.00711],
			"rotation": {"angle": -45, "axis": "x", "origin": [16, 0, 16]},
			"faces": {
				"north": {"uv": [6.5, 1.5, 6.75, 6.5], "texture": "#0"},
				"east": {"uv": [5.5, 1.5, 6, 6.5], "texture": "#0"},
				"south": {"uv": [6.75, 1.5, 7, 6.5], "texture": "#0"},
				"west": {"uv": [6, 1.5, 6.5, 6.5], "texture": "#0"},
				"up": {"uv": [7.5, 2, 7.25, 1.5], "texture": "#0"},
				"down": {"uv": [7.25, 1.5, 7, 2], "texture": "#0"}
			}
		}
	],
	"display": {
		"thirdperson_righthand": {
			"scale": [0.2, 0.2, 0.2]
		},
		"firstperson_righthand": {
			"scale": [0.3, 0.3, 0.3]
		},
		"gui": {
			"rotation": [30, 45, 0],
			"scale": [0.5, 0.5, 0.5]
		}
	},
	"groups": [
		0,
		{
			"name": "cadre",
			"origin": [0, 0, 0],
			"color": 0,
			"children": [1, 2, 3, 4, 5, 6, 7, 8, 9, 10, 11, 12]
		},
		{
			"name": "planche coté",
			"origin": [7, 8, 0],
			"color": 0,
			"children": [13, 14, 15, 16]
		}
	]
}