{
	"credit": "Made with Blockbench",
	"textures": {
		"0": "block/barreau_dehors",
		"1": "block/marche",
		"2": "block/barreau_dehors2",
		"particle": "block/barreau_dehors"
	},
	"elements": [
		{
			"from": [14, 0, 12],
			"to": [16, 23, 14],
			"faces": {
				"north": {"uv": [1, 0, 2, 10.5], "texture": "#0"},
				"east": {"uv": [2, 0, 3, 10.5], "texture": "#0"},
				"south": {"uv": [3, 0, 4, 10.5], "texture": "#0"},
				"west": {"uv": [0, 0, 1, 10.5], "texture": "#0"},
				"up": {"uv": [5, 1, 4, 0], "rotation": 270, "texture": "#0"},
				"down": {"uv": [5, 1, 4, 2], "rotation": 90, "texture": "#0"}
			}
		},
		{
			"from": [14, 23, 12],
			"to": [16, 25, 21],
			"rotation": {"angle": 0, "axis": "y", "origin": [-2, 0, 0]},
			"faces": {
				"north": {"uv": [0, 8, 2, 10], "texture": "#2"},
				"east": {"uv": [0, 2, 9, 4], "texture": "#2"},
				"south": {"uv": [2, 8, 4, 10], "texture": "#2"},
				"west": {"uv": [0, 0, 9, 2], "texture": "#2"},
				"up": {"uv": [9, 6, 0, 4], "rotation": 270, "texture": "#2"},
				"down": {"uv": [9, 6, 0, 8], "rotation": 90, "texture": "#2"}
			}
		},
		{
			"from": [14, 16, 19],
			"to": [16, 23, 21],
			"faces": {
				"north": {"uv": [2, 0, 3, 4], "texture": "#0"},
				"east": {"uv": [0, 0, 1, 4], "texture": "#0"},
				"south": {"uv": [1, 0, 2, 4], "texture": "#0"},
				"west": {"uv": [3, 0, 4, 4], "texture": "#0"},
				"up": {"uv": [4, 0, 5, 1], "rotation": 270, "texture": "#0"},
				"down": {"uv": [4, 0, 5, 1], "rotation": 90, "texture": "#0"}
			}
		},
		{
			"from": [2, 13, 12],
			"to": [14, 14, 14],
			"faces": {
				"north": {"uv": [4, 0, 16, 1], "texture": "#1"},
				"east": {"uv": [4, 3, 6, 4], "texture": "#1"},
				"south": {"uv": [4, 1, 16, 2], "texture": "#1"},
				"west": {"uv": [4, 2, 6, 3], "texture": "#1"},
				"up": {"uv": [2, 12, 0, 0], "rotation": 270, "texture": "#1"},
				"down": {"uv": [4, 0, 2, 12], "rotation": 90, "texture": "#1"}
			}
		},
		{
			"from": [2, 8, 12],
			"to": [14, 9, 14],
			"faces": {
				"north": {"uv": [0, 0, 12, 1], "texture": "#1"},
				"east": {"uv": [0, 0, 2, 1], "texture": "#1"},
				"south": {"uv": [0, 0, 12, 1], "texture": "#1"},
				"west": {"uv": [0, 0, 2, 1], "texture": "#1"},
				"up": {"uv": [0, 0, 2, 12], "rotation": 270, "texture": "#1"},
				"down": {"uv": [0, 0, 2, 12], "rotation": 90, "texture": "#1"}
			}
		},
		{
			"from": [2, 3, 12],
			"to": [14, 4, 14],
			"faces": {
				"north": {"uv": [0, 0, 12, 1], "texture": "#1"},
				"east": {"uv": [0, 0, 2, 1], "texture": "#1"},
				"south": {"uv": [0, 0, 12, 1], "texture": "#1"},
				"west": {"uv": [0, 0, 2, 1], "texture": "#1"},
				"up": {"uv": [0, 0, 2, 12], "rotation": 270, "texture": "#1"},
				"down": {"uv": [0, 0, 2, 12], "rotation": 90, "texture": "#1"}
			}
		},
		{
			"from": [0, 0, 12],
			"to": [2, 23, 14],
			"faces": {
				"north": {"uv": [1, 0, 2, 10.5], "texture": "#0"},
				"east": {"uv": [2, 0, 3, 10.5], "texture": "#0"},
				"south": {"uv": [3, 0, 4, 10.5], "texture": "#0"},
				"west": {"uv": [0, 0, 1, 10.5], "texture": "#0"},
				"up": {"uv": [5, 1, 4, 0], "rotation": 270, "texture": "#0"},
				"down": {"uv": [5, 1, 4, 2], "rotation": 90, "texture": "#0"}
			}
		},
		{
			"from": [0, 23, 12],
			"to": [2, 25, 21],
			"rotation": {"angle": 0, "axis": "y", "origin": [-2, 0, 0]},
			"faces": {
				"north": {"uv": [0, 8, 2, 10], "texture": "#2"},
				"east": {"uv": [0, 2, 9, 4], "texture": "#2"},
				"south": {"uv": [2, 8, 4, 10], "texture": "#2"},
				"west": {"uv": [0, 0, 9, 2], "texture": "#2"},
				"up": {"uv": [9, 6, 0, 4], "rotation": 270, "texture": "#2"},
				"down": {"uv": [9, 6, 0, 8], "rotation": 90, "texture": "#2"}
			}
		},
		{
			"from": [0, 16, 19],
			"to": [2, 23, 21],
			"faces": {
				"north": {"uv": [2, 0, 3, 4], "texture": "#0"},
				"east": {"uv": [0, 0, 1, 4], "texture": "#0"},
				"south": {"uv": [1, 0, 2, 4], "texture": "#0"},
				"west": {"uv": [3, 0, 4, 4], "texture": "#0"},
				"up": {"uv": [4, 0, 5, 1], "rotation": 270, "texture": "#0"},
				"down": {"uv": [4, 0, 5, 1], "rotation": 90, "texture": "#0"}
			}
		}
	],
	"display": {
		"thirdperson_righthand": {
			"scale": [0.4, 0.4, 0.4]
		},
		"firstperson_righthand": {
			"scale": [0.5, 1, 1]
		},
		"gui": {
			"rotation": [45, 135, 0],
			"translation": [-2.5, -3.5, 0],
			"scale": [0.5, 0.5, 0.5]
		},
		"fixed": {
			"translation": [0, 0, -15],
			"scale": [2, 2, 2]
		}
	},
	"groups": [
		{
			"name": "barreaux dehors gauche",
			"origin": [0, 0, 0],
			"color": 0,
			"children": [0, 1, 2]
		},
		{
			"name": "barreaux centre",
			"origin": [0, 0, 0],
			"color": 0,
			"children": [3, 4, 5]
		},
		{
			"name": "barreaux dehors gauche",
			"origin": [0, 0, 0],
			"color": 0,
			"children": [6, 7, 8]
		}
	]
}