{
	"credit": "Made with Blockbench",
	"textures": {
		"0": "block/switch_electric",
		"particle": "block/switch_electric"
	},
	"elements": [
		{
			"from": [6, 1, 4],
			"to": [10, 2, 4.25],
			"rotation": {"angle": 22.5, "axis": "x", "origin": [6, 1, 8.25]},
			"faces": {
				"north": {"uv": [6, 11, 2, 10], "texture": "#0"},
				"east": {"uv": [10, 10, 11, 11], "rotation": 90, "texture": "#0"},
				"south": {"uv": [10, 10, 6, 11], "rotation": 180, "texture": "#0"},
				"west": {"uv": [10, 9, 11, 10], "rotation": 270, "texture": "#0"},
				"up": {"uv": [2, 9, 6, 10], "texture": "#0"},
				"down": {"uv": [6, 9, 10, 10], "rotation": 180, "texture": "#0"}
			}
		},
		{
			"from": [7.5, 1.25, 0],
			"to": [8.5, 1.75, 4],
			"rotation": {"angle": 22.5, "axis": "x", "origin": [6, 1, 8.25]},
			"faces": {
				"north": {"uv": [7, 12, 6, 11], "texture": "#0"},
				"east": {"uv": [4, 11, 5, 15], "rotation": 90, "texture": "#0"},
				"south": {"uv": [7, 12, 6, 13], "rotation": 180, "texture": "#0"},
				"west": {"uv": [2, 11, 3, 15], "rotation": 270, "texture": "#0"},
				"up": {"uv": [5, 11, 6, 15], "texture": "#0"},
				"down": {"uv": [3, 11, 4, 15], "rotation": 180, "texture": "#0"}
			}
		},
		{
			"from": [9.75, 1, 4.25],
			"to": [10, 2, 8.25],
			"rotation": {"angle": 22.5, "axis": "x", "origin": [6, 1, 8.25]},
			"faces": {
				"north": {"uv": [15, 7, 14, 6], "texture": "#0"},
				"east": {"uv": [13, 4, 14, 8], "rotation": 90, "texture": "#0"},
				"south": {"uv": [15, 7, 14, 8], "rotation": 180, "texture": "#0"},
				"west": {"uv": [12, 4, 13, 8], "rotation": 270, "texture": "#0"},
				"up": {"uv": [13, 0, 14, 4], "texture": "#0"},
				"down": {"uv": [12, 0, 13, 4], "rotation": 180, "texture": "#0"}
			}
		},
		{
			"from": [6, 1, 4.25],
			"to": [6.25, 2, 8.25],
			"rotation": {"angle": 22.5, "axis": "x", "origin": [6, 1, 8.25]},
			"faces": {
				"north": {"uv": [15, 7, 14, 6], "texture": "#0"},
				"east": {"uv": [12, 4, 13, 8], "rotation": 90, "texture": "#0"},
				"south": {"uv": [15, 7, 14, 8], "rotation": 180, "texture": "#0"},
				"west": {"uv": [13, 4, 14, 8], "rotation": 270, "texture": "#0"},
				"up": {"uv": [13, 0, 14, 4], "texture": "#0"},
				"down": {"uv": [12, 0, 13, 4], "rotation": 180, "texture": "#0"}
			}
		},
		{
			"from": [5, 0, 4],
			"to": [11, 1, 12],
			"rotation": {"angle": 0, "axis": "x", "origin": [5, 4, 0]},
			"faces": {
				"north": {"uv": [8, 9, 2, 8], "texture": "#0"},
				"east": {"uv": [1, 8, 2, 16], "rotation": 90, "texture": "#0"},
				"south": {"uv": [14, 8, 8, 9], "rotation": 180, "texture": "#0"},
				"west": {"uv": [0, 8, 1, 16], "rotation": 270, "texture": "#0"},
				"up": {"uv": [0, 0, 6, 8], "texture": "#0"},
				"down": {"uv": [6, 0, 12, 8], "rotation": 180, "texture": "#0"}
			}
		},
		{
			"from": [10, 1, 7.75],
			"to": [10.25, 2, 8.75],
			"rotation": {"angle": 0, "axis": "x", "origin": [5, 4, 0]},
			"faces": {
				"north": {"uv": [15, 5, 14, 4], "texture": "#0"},
				"east": {"uv": [14, 3, 15, 4], "rotation": 90, "texture": "#0"},
				"south": {"uv": [15, 5, 14, 6], "rotation": 180, "texture": "#0"},
				"west": {"uv": [14, 1, 15, 2], "rotation": 270, "texture": "#0"},
				"up": {"uv": [14, 0, 15, 1], "texture": "#0"},
				"down": {"uv": [14, 2, 15, 3], "rotation": 180, "texture": "#0"}
			}
		},
		{
			"from": [9.5, 1, 7.75],
			"to": [9.75, 2, 8.75],
			"rotation": {"angle": 0, "axis": "x", "origin": [5, 4, 0]},
			"faces": {
				"north": {"uv": [15, 5, 14, 4], "texture": "#0"},
				"east": {"uv": [14, 1, 15, 2], "rotation": 90, "texture": "#0"},
				"south": {"uv": [15, 5, 14, 6], "rotation": 180, "texture": "#0"},
				"west": {"uv": [14, 3, 15, 4], "rotation": 270, "texture": "#0"},
				"up": {"uv": [14, 0, 15, 1], "texture": "#0"},
				"down": {"uv": [14, 2, 15, 3], "rotation": 180, "texture": "#0"}
			}
		},
		{
			"from": [6.25, 1, 7.75],
			"to": [6.5, 2, 8.75],
			"rotation": {"angle": 0, "axis": "x", "origin": [5, 4, 0]},
			"faces": {
				"north": {"uv": [15, 5, 14, 4], "texture": "#0"},
				"east": {"uv": [14, 3, 15, 4], "rotation": 90, "texture": "#0"},
				"south": {"uv": [15, 5, 14, 6], "rotation": 180, "texture": "#0"},
				"west": {"uv": [14, 1, 15, 2], "rotation": 270, "texture": "#0"},
				"up": {"uv": [14, 0, 15, 1], "texture": "#0"},
				"down": {"uv": [14, 2, 15, 3], "rotation": 180, "texture": "#0"}
			}
		},
		{
			"from": [5.75, 1, 7.75],
			"to": [6, 2, 8.75],
			"rotation": {"angle": 0, "axis": "x", "origin": [5, 4, 0]},
			"faces": {
				"north": {"uv": [15, 5, 14, 4], "texture": "#0"},
				"east": {"uv": [14, 1, 15, 2], "rotation": 90, "texture": "#0"},
				"south": {"uv": [15, 5, 14, 6], "rotation": 180, "texture": "#0"},
				"west": {"uv": [14, 3, 15, 4], "rotation": 270, "texture": "#0"},
				"up": {"uv": [14, 0, 15, 1], "texture": "#0"},
				"down": {"uv": [14, 2, 15, 3], "rotation": 180, "texture": "#0"}
			}
		},
		{
			"from": [10, 1, 5],
			"to": [10.25, 3, 6],
			"rotation": {"angle": 0, "axis": "y", "origin": [5, 4, 0]},
			"faces": {
				"north": {"uv": [15, 5, 14, 4], "texture": "#0"},
				"east": {"uv": [14, 3, 15, 4], "rotation": 90, "texture": "#0"},
				"south": {"uv": [15, 5, 14, 6], "rotation": 180, "texture": "#0"},
				"west": {"uv": [14, 1, 15, 2], "rotation": 270, "texture": "#0"},
				"up": {"uv": [14, 0, 15, 1], "texture": "#0"},
				"down": {"uv": [14, 2, 15, 3], "rotation": 180, "texture": "#0"}
			}
		},
		{
			"from": [9.5, 1, 5],
			"to": [9.75, 3, 6],
			"rotation": {"angle": 0, "axis": "y", "origin": [5, 4, 0]},
			"faces": {
				"north": {"uv": [15, 5, 14, 4], "texture": "#0"},
				"east": {"uv": [14, 1, 15, 2], "rotation": 90, "texture": "#0"},
				"south": {"uv": [15, 5, 14, 6], "rotation": 180, "texture": "#0"},
				"west": {"uv": [14, 3, 15, 4], "rotation": 270, "texture": "#0"},
				"up": {"uv": [14, 0, 15, 1], "texture": "#0"},
				"down": {"uv": [14, 2, 15, 3], "rotation": 180, "texture": "#0"}
			}
		},
		{
			"from": [6.25, 1, 5],
			"to": [6.5, 3, 6],
			"rotation": {"angle": 0, "axis": "y", "origin": [5, 4, 0]},
			"faces": {
				"north": {"uv": [15, 5, 14, 4], "texture": "#0"},
				"east": {"uv": [14, 3, 15, 4], "rotation": 90, "texture": "#0"},
				"south": {"uv": [15, 5, 14, 6], "rotation": 180, "texture": "#0"},
				"west": {"uv": [14, 1, 15, 2], "rotation": 270, "texture": "#0"},
				"up": {"uv": [14, 0, 15, 1], "texture": "#0"},
				"down": {"uv": [14, 2, 15, 3], "rotation": 180, "texture": "#0"}
			}
		},
		{
			"from": [5.75, 1, 5],
			"to": [6, 3, 6],
			"rotation": {"angle": 0, "axis": "y", "origin": [5, 4, 0]},
			"faces": {
				"north": {"uv": [15, 5, 14, 4], "texture": "#0"},
				"east": {"uv": [14, 1, 15, 2], "rotation": 90, "texture": "#0"},
				"south": {"uv": [15, 5, 14, 6], "rotation": 180, "texture": "#0"},
				"west": {"uv": [14, 3, 15, 4], "rotation": 270, "texture": "#0"},
				"up": {"uv": [14, 0, 15, 1], "texture": "#0"},
				"down": {"uv": [14, 2, 15, 3], "rotation": 180, "texture": "#0"}
			}
		},
		{
			"from": [10, 1, 10],
			"to": [10.25, 3, 11],
			"rotation": {"angle": 0, "axis": "y", "origin": [5, 4, 0]},
			"faces": {
				"north": {"uv": [15, 5, 14, 4], "texture": "#0"},
				"east": {"uv": [14, 3, 15, 4], "rotation": 90, "texture": "#0"},
				"south": {"uv": [15, 5, 14, 6], "rotation": 180, "texture": "#0"},
				"west": {"uv": [14, 1, 15, 2], "rotation": 270, "texture": "#0"},
				"up": {"uv": [14, 0, 15, 1], "texture": "#0"},
				"down": {"uv": [14, 2, 15, 3], "rotation": 180, "texture": "#0"}
			}
		},
		{
			"from": [9.5, 1, 10],
			"to": [9.75, 3, 11],
			"rotation": {"angle": 0, "axis": "y", "origin": [5, 4, 0]},
			"faces": {
				"north": {"uv": [15, 5, 14, 4], "texture": "#0"},
				"east": {"uv": [14, 1, 15, 2], "rotation": 90, "texture": "#0"},
				"south": {"uv": [15, 5, 14, 6], "rotation": 180, "texture": "#0"},
				"west": {"uv": [14, 3, 15, 4], "rotation": 270, "texture": "#0"},
				"up": {"uv": [14, 0, 15, 1], "texture": "#0"},
				"down": {"uv": [14, 2, 15, 3], "rotation": 180, "texture": "#0"}
			}
		},
		{
			"from": [6.25, 1, 10],
			"to": [6.5, 3, 11],
			"rotation": {"angle": 0, "axis": "y", "origin": [5, 4, 0]},
			"faces": {
				"north": {"uv": [15, 5, 14, 4], "texture": "#0"},
				"east": {"uv": [14, 3, 15, 4], "rotation": 90, "texture": "#0"},
				"south": {"uv": [15, 5, 14, 6], "rotation": 180, "texture": "#0"},
				"west": {"uv": [14, 1, 15, 2], "rotation": 270, "texture": "#0"},
				"up": {"uv": [14, 0, 15, 1], "texture": "#0"},
				"down": {"uv": [14, 2, 15, 3], "rotation": 180, "texture": "#0"}
			}
		},
		{
			"from": [5.75, 1, 10],
			"to": [6, 3, 11],
			"rotation": {"angle": 0, "axis": "y", "origin": [5, 4, 0]},
			"faces": {
				"north": {"uv": [15, 5, 14, 4], "texture": "#0"},
				"east": {"uv": [14, 1, 15, 2], "rotation": 90, "texture": "#0"},
				"south": {"uv": [15, 5, 14, 6], "rotation": 180, "texture": "#0"},
				"west": {"uv": [14, 3, 15, 4], "rotation": 270, "texture": "#0"},
				"up": {"uv": [14, 0, 15, 1], "texture": "#0"},
				"down": {"uv": [14, 2, 15, 3], "rotation": 180, "texture": "#0"}
			}
		}
	],
	"groups": [
		{
			"name": "levier",
			"origin": [0, 0, 0],
			"color": 0,
			"children": [0, 1, 2, 3]
		},
		4,
		5,
		6,
		7,
		8,
		9,
		10,
		11,
		12,
		13,
		14,
		15,
		16
	]
}