{
	"credit": "Made with Blockbench",
	"texture_size": [32, 32],
	"textures": {
		"particle": "block/pipe",
		"side": "block/pipe",
		"top": "block/pipetop"
	},
	"elements": [
		{
			"from": [4, 0, 4],
			"to": [12, 16, 12],
			"faces": {
				"north": {"uv": [4, 4, 8, 12], "texture": "#side"},
				"east": {"uv": [0, 8, 4, 16], "texture": "#side"},
				"south": {"uv": [8, 0, 12, 8], "texture": "#side"},
				"west": {"uv": [8, 8, 12, 16], "texture": "#side"},
				"up": {"uv": [16, 4, 12, 0], "texture": "#side"},
				"down": {"uv": [8, 12, 4, 16], "texture": "#side"}
			}
		},
		{
			"from": [3, 14, 4],
			"to": [4, 16, 12],
			"faces": {
				"north": {"uv": [2, 4, 3, 6], "texture": "#top"},
				"east": {"uv": [0, 0, 4, 1], "texture": "#missing"},
				"south": {"uv": [1.5, 2, 2, 3], "texture": "#side"},
				"west": {"uv": [0, 2, 8, 4], "texture": "#top"},
				"up": {"uv": [1, 12, 0, 4], "texture": "#top"},
				"down": {"uv": [2, 4, 1, 12], "texture": "#top"}
			}
		},
		{
			"from": [12, 14, 4],
			"to": [13, 16, 12],
			"rotation": {"angle": 0, "axis": "y", "origin": [13, 18, 8]},
			"faces": {
				"north": {"uv": [3, 4, 4, 6], "texture": "#top"},
				"east": {"uv": [0, 2, 8, 4], "texture": "#top"},
				"south": {"uv": [2, 4, 3, 6], "texture": "#top"},
				"west": {"uv": [0, 0, 4, 1], "texture": "#missing"},
				"up": {"uv": [1, 12, 0, 4], "rotation": 180, "texture": "#top"},
				"down": {"uv": [2, 4, 1, 12], "rotation": 180, "texture": "#top"}
			}
		},
		{
			"from": [4, 14, 3],
			"to": [12, 16, 4],
			"rotation": {"angle": 0, "axis": "y", "origin": [8, 15, 0]},
			"faces": {
				"north": {"uv": [0, 2, 8, 4], "texture": "#top"},
				"east": {"uv": [2, 4, 3, 6], "texture": "#top"},
				"south": {"uv": [0, 0, 4, 1], "texture": "#missing"},
				"west": {"uv": [3, 4, 4, 6], "texture": "#top"},
				"up": {"uv": [1, 12, 0, 4], "rotation": 90, "texture": "#top"},
				"down": {"uv": [2, 4, 1, 12], "rotation": 270, "texture": "#top"}
			}
		},
		{
			"from": [4, 14, 12],
			"to": [12, 16, 13],
			"rotation": {"angle": 0, "axis": "y", "origin": [8, 15, 14]},
			"faces": {
				"north": {"uv": [0, 0, 4, 1], "texture": "#missing"},
				"east": {"uv": [3, 4, 4, 6], "texture": "#top"},
				"south": {"uv": [0, 1, 4, 2], "texture": "#side"},
				"west": {"uv": [2, 4, 3, 6], "texture": "#top"},
				"up": {"uv": [1, 12, 0, 4], "rotation": 270, "texture": "#top"},
				"down": {"uv": [2, 4, 1, 12], "rotation": 90, "texture": "#top"}
			}
		}
	],
	"display": {
		"thirdperson_righthand": {
			"translation": [0, 1.5, 0],
			"scale": [0.61, 0.63, 0.61]
		},
		"thirdperson_lefthand": {
			"translation": [0, 1.5, 0],
			"scale": [0.64, 0.64, 0.64]
		},
		"firstperson_righthand": {
			"scale": [0.64, 0.64, 0.64]
		},
		"firstperson_lefthand": {
			"scale": [0.64, 0.64, 0.64]
		},
		"ground": {
			"scale": [0.64, 0.64, 0.64]
		},
		"gui": {
			"rotation": [45, 45, 0],
			"translation": [0, -0.3, 0],
			"scale": [0.7, 0.7, 0.7]
		},
		"head": {
			"translation": [0, 14, 0]
		}
	}
}