{
	"credit": "Made with Blockbench",
	"texture_size": [128, 128],
	"textures": {
		"0": "block/motor",
		"particle": "block/motor"
	},
	"elements": [
		{
			"from": [21, 0, -7],
			"to": [23, 2, 21],
			"faces": {
				"north": {"uv": [8.75, 1.75, 9, 2], "texture": "#0"},
				"east": {"uv": [8.25, 4, 11.75, 4.25], "texture": "#0"},
				"south": {"uv": [8.75, 2, 9, 2.25], "texture": "#0"},
				"west": {"uv": [8.25, 4.25, 11.75, 4.5], "texture": "#0"},
				"up": {"uv": [8.5, 8, 8.25, 4.5], "texture": "#0"},
				"down": {"uv": [8.5, 8, 8.25, 11.5], "texture": "#0"}
			}
		},
		{
			"from": [-9, 0, -7],
			"to": [-7, 2, 21],
			"faces": {
				"north": {"uv": [8.75, 2.25, 9, 2.5], "texture": "#0"},
				"east": {"uv": [8.5, 0, 12, 0.25], "texture": "#0"},
				"south": {"uv": [8.75, 2.5, 9, 2.75], "texture": "#0"},
				"west": {"uv": [8.5, 0.25, 12, 0.5], "texture": "#0"},
				"up": {"uv": [8.75, 4, 8.5, 0.5], "texture": "#0"},
				"down": {"uv": [8.75, 4.5, 8.5, 8], "texture": "#0"}
			}
		},
		{
			"from": [-7, 30, -9],
			"to": [21, 32, -7],
			"faces": {
				"north": {"uv": [8.5, 8, 12, 8.25], "texture": "#0"},
				"east": {"uv": [8.75, 2.75, 9, 3], "texture": "#0"},
				"south": {"uv": [8.5, 8.25, 12, 8.5], "texture": "#0"},
				"west": {"uv": [8.75, 3, 9, 3.25], "texture": "#0"},
				"up": {"uv": [12, 8.75, 8.5, 8.5], "texture": "#0"},
				"down": {"uv": [12.25, 0.5, 8.75, 0.75], "texture": "#0"}
			}
		},
		{
			"from": [21, 0, 21],
			"to": [23, 32, 23],
			"faces": {
				"north": {"uv": [7, 0, 7.25, 4], "texture": "#0"},
				"east": {"uv": [7, 4, 7.25, 8], "texture": "#0"},
				"south": {"uv": [7.25, 0, 7.5, 4], "texture": "#0"},
				"west": {"uv": [7.25, 4, 7.5, 8], "texture": "#0"},
				"up": {"uv": [9, 3.5, 8.75, 3.25], "texture": "#0"},
				"down": {"uv": [9, 3.5, 8.75, 3.75], "texture": "#0"}
			}
		},
		{
			"from": [-9, 0, -9],
			"to": [-7, 32, -7],
			"faces": {
				"north": {"uv": [7.5, 0, 7.75, 4], "texture": "#0"},
				"east": {"uv": [7.5, 4, 7.75, 8], "texture": "#0"},
				"south": {"uv": [7.75, 0, 8, 4], "texture": "#0"},
				"west": {"uv": [7.75, 4, 8, 8], "texture": "#0"},
				"up": {"uv": [9, 4, 8.75, 3.75], "texture": "#0"},
				"down": {"uv": [9, 4.5, 8.75, 4.75], "texture": "#0"}
			}
		},
		{
			"from": [21, 0, -9],
			"to": [23, 32, -7],
			"faces": {
				"north": {"uv": [8, 0, 8.25, 4], "texture": "#0"},
				"east": {"uv": [8, 4, 8.25, 8], "texture": "#0"},
				"south": {"uv": [7, 8, 7.25, 12], "texture": "#0"},
				"west": {"uv": [7.25, 8, 7.5, 12], "texture": "#0"},
				"up": {"uv": [9, 5, 8.75, 4.75], "texture": "#0"},
				"down": {"uv": [9, 5, 8.75, 5.25], "texture": "#0"}
			}
		},
		{
			"from": [-9, 0, 21],
			"to": [-7, 32, 23],
			"faces": {
				"north": {"uv": [7.5, 8, 7.75, 12], "texture": "#0"},
				"east": {"uv": [7.75, 8, 8, 12], "texture": "#0"},
				"south": {"uv": [8, 8, 8.25, 12], "texture": "#0"},
				"west": {"uv": [8.25, 0, 8.5, 4], "texture": "#0"},
				"up": {"uv": [9, 5.5, 8.75, 5.25], "texture": "#0"},
				"down": {"uv": [9, 5.5, 8.75, 5.75], "texture": "#0"}
			}
		},
		{
			"from": [-7, 30, 21],
			"to": [21, 32, 23],
			"faces": {
				"north": {"uv": [8.75, 0.75, 12.25, 1], "texture": "#0"},
				"east": {"uv": [8.75, 5.75, 9, 6], "texture": "#0"},
				"south": {"uv": [8.75, 1, 12.25, 1.25], "texture": "#0"},
				"west": {"uv": [8.75, 6, 9, 6.25], "texture": "#0"},
				"up": {"uv": [12.25, 1.5, 8.75, 1.25], "texture": "#0"},
				"down": {"uv": [12.25, 1.5, 8.75, 1.75], "texture": "#0"}
			}
		},
		{
			"name": "corps",
			"from": [-7, 3, -7],
			"to": [21, 29, 21],
			"faces": {
				"north": {"uv": [3.5, 0, 7, 3.25], "texture": "#0"},
				"east": {"uv": [3.5, 3.25, 7, 6.5], "texture": "#0"},
				"south": {"uv": [3.5, 6.5, 7, 9.75], "texture": "#0"},
				"west": {"uv": [0, 7, 3.5, 10.25], "texture": "#0"},
				"up": {"uv": [3.5, 3.5, 0, 0], "texture": "#0"},
				"down": {"uv": [3.5, 3.5, 0, 7], "texture": "#0"}
			}
		}
	],
	"display": {
		"thirdperson_righthand": {
			"translation": [-1, 0, 0],
			"scale": [0.25, 0.25, 0.25]
		},
		"thirdperson_lefthand": {
			"translation": [2.75, 0, 0],
			"scale": [0.25, 0.25, 0.25]
		},
		"firstperson_righthand": {
			"scale": [0.25, 0.25, 0.25]
		},
		"firstperson_lefthand": {
			"scale": [0.25, 0.25, 0.25]
		},
		"ground": {
			"scale": [0.25, 0.25, 0.25]
		},
		"gui": {
			"rotation": [20, 45, 0],
			"translation": [0.5, -1.75, 0],
			"scale": [0.25, 0.25, 0.25]
		},
		"fixed": {
			"rotation": [-90, 0, 0],
			"translation": [0, 0, -3.25],
			"scale": [0.4, 0.4, 0.4]
		}
	},
	"groups": [
		{
			"name": "pieds",
			"origin": [8, 8, 8],
			"color": 0,
			"children": [0, 1, 2, 3, 4, 5, 6, 7]
		},
		8
	]
}