{
	"credit": "Made with Blockbench",
	"texture_size": [32, 32],
	"textures": {
		"0": "block/sign_roof",
		"particle": "block/sign_roof"
	},
	"elements": [
		{
			"from": [-3, 16, 7],
			"to": [19, 16.5, 10],
			"faces": {
				"north": {"uv": [0, 6.5, 11, 7], "rotation": 180, "texture": "#0"},
				"east": {"uv": [0, 8, 1.5, 8.5], "rotation": 180, "texture": "#0"},
				"south": {"uv": [0, 6, 11, 6.5], "rotation": 180, "texture": "#0"},
				"west": {"uv": [1.5, 8, 3, 8.5], "rotation": 180, "texture": "#0"},
				"up": {"uv": [11, 1.5, 0, 3], "texture": "#0"},
				"down": {"uv": [11, 1.5, 0, 0], "texture": "#0"}
			}
		},
		{
			"from": [-2.5, 12.75, 8],
			"to": [18.5, 16, 9],
			"faces": {
				"north": {"uv": [0, 4.5, 10.5, 6], "rotation": 180, "texture": "#0"},
				"east": {"uv": [3, 8, 3.5, 9.5], "rotation": 180, "texture": "#0"},
				"south": {"uv": [0, 3, 10.5, 4.5], "rotation": 180, "texture": "#0"},
				"west": {"uv": [3.5, 8, 4, 9.5], "rotation": 180, "texture": "#0"},
				"up": {"uv": [10.5, 7.5, 0, 8], "texture": "#0"},
				"down": {"uv": [10.5, 7.5, 0, 7], "texture": "#0"}
			}
		}
	],
	"display": {
		"thirdperson_righthand": {
			"translation": [0, -4.75, 0],
			"scale": [0.5, 1, 1]
		},
		"thirdperson_lefthand": {
			"translation": [0, -4.75, 0],
			"scale": [0.5, 1, 1]
		},
		"firstperson_righthand": {
			"translation": [0, -5.75, 0],
			"scale": [0.5, 1, 1]
		},
		"firstperson_lefthand": {
			"translation": [0, -5.75, 0],
			"scale": [0.5, 1, 1]
		},
		"ground": {
			"translation": [0, -2.25, 0],
			"scale": [0.5, 1, 1]
		},
		"gui": {
			"rotation": [0, 0, 45],
			"translation": [5.25, -4.5, 0],
			"scale": [0.5, 1, 1]
		},
		"fixed": {
			"rotation": [90, 0, 0],
			"translation": [0, 1.5, -25.5],
			"scale": [3, 3, 3]
		}
	}
}