{
	"credit": "Made with Blockbench",
	"texture_size": [128, 128],
	"textures": {
		"0": "item/almond_water",
		"1": "block/vending_machine",
		"particle": "item/almond_water"
	},
	"elements": [
		{
			"from": [-6, 0, 0],
			"to": [11, 32, 2],
			"rotation": {"angle": 0, "axis": "y", "origin": [16, 0, 0]},
			"faces": {
				"north": {"uv": [2.125, 0, 4.25, 4], "texture": "#1"},
				"east": {"uv": [0.25, 12, 0.5, 16], "texture": "#1"},
				"south": {"uv": [0, 0, 2.125, 4], "texture": "#1"},
				"west": {"uv": [0, 12, 0.25, 16], "texture": "#1"},
				"up": {"uv": [4.125, 7.625, 2, 7.375], "rotation": 180, "texture": "#1"},
				"down": {"uv": [4.125, 7.625, 2, 7.875], "rotation": 180, "texture": "#1"}
			}
		},
		{
			"from": [11, 0, 0],
			"to": [16, 32, 16],
			"rotation": {"angle": 0, "axis": "y", "origin": [16, 0, 0]},
			"faces": {
				"north": {"uv": [7.625, 4, 8.25, 8], "texture": "#1"},
				"east": {"uv": [0, 4, 2, 8], "texture": "#1"},
				"south": {"uv": [7, 4, 7.625, 8], "texture": "#1"},
				"west": {"uv": [4.25, 0, 6.25, 4], "texture": "#1"},
				"up": {"uv": [8.875, 6, 8.25, 4], "rotation": 180, "texture": "#1"},
				"down": {"uv": [8.875, 6, 8.25, 8], "rotation": 180, "texture": "#1"}
			}
		},
		{
			"from": [-8, 0, 0],
			"to": [-6, 32, 16],
			"rotation": {"angle": 0, "axis": "y", "origin": [16, 0, 0]},
			"faces": {
				"north": {"uv": [6.5, 4, 6.75, 8], "texture": "#1"},
				"east": {"uv": [4.25, 0, 6.25, 4], "texture": "#1"},
				"south": {"uv": [6.25, 4, 6.5, 8], "texture": "#1"},
				"west": {"uv": [0, 4, 2, 8], "texture": "#1"},
				"up": {"uv": [7, 6, 6.75, 4], "rotation": 180, "texture": "#1"},
				"down": {"uv": [7, 6, 6.75, 8], "rotation": 180, "texture": "#1"}
			}
		},
		{
			"from": [-6, 30, 2],
			"to": [11, 32, 16],
			"rotation": {"angle": 0, "axis": "y", "origin": [16, 0, 0]},
			"faces": {
				"north": {"uv": [0, 13.5, 2.125, 13.75], "texture": "#1"},
				"east": {"uv": [0, 13.5, 1.75, 13.75], "texture": "#1"},
				"south": {"uv": [6.25, 3.75, 8.375, 4], "texture": "#1"},
				"west": {"uv": [0, 13.5, 1.75, 13.75], "texture": "#1"},
				"up": {"uv": [6.25, 5.75, 4.125, 4], "rotation": 180, "texture": "#1"},
				"down": {"uv": [6.25, 5.75, 4.125, 7.5], "rotation": 180, "texture": "#1"}
			}
		},
		{
			"from": [-6, 0, 2],
			"to": [11, 3, 16],
			"rotation": {"angle": 0, "axis": "y", "origin": [16, 0, 0]},
			"faces": {
				"north": {"uv": [0, 13.5, 2.125, 13.875], "texture": "#1"},
				"east": {"uv": [0, 13.5, 1.75, 13.875], "texture": "#1"},
				"south": {"uv": [6.25, 3.375, 8.375, 3.75], "texture": "#1"},
				"west": {"uv": [0, 13.5, 1.75, 13.875], "texture": "#1"},
				"up": {"uv": [4.125, 5.625, 2, 4], "rotation": 180, "texture": "#1"},
				"down": {"uv": [4.125, 5.625, 2, 7.375], "rotation": 180, "texture": "#1"}
			}
		},
		{
			"from": [-6, 7, 15],
			"to": [11, 9, 16],
			"rotation": {"angle": 0, "axis": "y", "origin": [16, 0, 0]},
			"faces": {
				"north": {"uv": [0, 13.5, 2.125, 13.75], "texture": "#1"},
				"east": {"uv": [0, 13.5, 0.125, 13.75], "texture": "#1"},
				"south": {"uv": [6.25, 2.625, 8.375, 2.875], "texture": "#1"},
				"west": {"uv": [0, 13.5, 0.125, 13.75], "texture": "#1"},
				"up": {"uv": [10.5, 2.75, 8.375, 2.625], "rotation": 180, "texture": "#1"},
				"down": {"uv": [2.125, 13.5, 0, 13.625], "rotation": 180, "texture": "#1"}
			}
		},
		{
			"from": [7, 3, 15],
			"to": [11, 7, 16],
			"rotation": {"angle": 0, "axis": "y", "origin": [16, 0, 0]},
			"faces": {
				"north": {"uv": [0, 13.5, 0.5, 14], "texture": "#1"},
				"east": {"uv": [0, 12.125, 0.125, 12.625], "texture": "#1"},
				"south": {"uv": [7.375, 2.875, 7.875, 3.375], "texture": "#1"},
				"west": {"uv": [7.875, 2.875, 8, 3.375], "texture": "#1"},
				"up": {"uv": [0.5, 13.625, 0, 13.5], "rotation": 180, "texture": "#1"},
				"down": {"uv": [0.5, 13.5, 0, 13.625], "rotation": 180, "texture": "#1"}
			}
		},
		{
			"from": [-6, 3, 15],
			"to": [-2, 7, 16],
			"rotation": {"angle": 0, "axis": "y", "origin": [16, 0, 0]},
			"faces": {
				"north": {"uv": [0, 13.5, 0.5, 14], "texture": "#1"},
				"east": {"uv": [7.875, 2.875, 8, 3.375], "texture": "#1"},
				"south": {"uv": [7.375, 2.875, 7.875, 3.375], "texture": "#1"},
				"west": {"uv": [0, 12.125, 0.125, 12.625], "texture": "#1"},
				"up": {"uv": [0.5, 13.625, 0, 13.5], "rotation": 180, "texture": "#1"},
				"down": {"uv": [0.5, 13.5, 0, 13.625], "rotation": 180, "texture": "#1"}
			}
		},
		{
			"from": [-2, 3, 15],
			"to": [7, 7, 15.75],
			"rotation": {"angle": 0, "axis": "y", "origin": [16, 0, 0]},
			"faces": {
				"north": {"uv": [0, 13.5, 1.125, 14], "texture": "#1"},
				"east": {"uv": [0.125, 13.5, 0.25, 14], "texture": "#1"},
				"south": {"uv": [6.25, 2.875, 7.375, 3.375], "texture": "#1"},
				"west": {"uv": [0, 13.5, 0.125, 14], "texture": "#1"},
				"up": {"uv": [1.125, 13.625, 0, 13.5], "rotation": 180, "texture": "#1"},
				"down": {"uv": [1.125, 13.625, 0, 13.75], "rotation": 180, "texture": "#1"}
			}
		},
		{
			"from": [-6, 8, 2],
			"to": [11, 9, 15],
			"rotation": {"angle": 0, "axis": "y", "origin": [16, 0, 0]},
			"faces": {
				"north": {"uv": [0, 13.5, 2.125, 13.625], "texture": "#1"},
				"east": {"uv": [0, 13.5, 1.625, 13.625], "texture": "#1"},
				"south": {"uv": [0, 13.5, 2.125, 13.625], "texture": "#1"},
				"west": {"uv": [0, 13.5, 1.625, 13.625], "texture": "#1"},
				"up": {"uv": [4.125, 5.625, 2, 4], "rotation": 180, "texture": "#1"},
				"down": {"uv": [4.125, 5.6875, 2, 7.3125], "rotation": 180, "texture": "#1"}
			}
		},
		{
			"from": [-6, 10, 2],
			"to": [11, 11, 9],
			"rotation": {"angle": 0, "axis": "y", "origin": [16, 0, 0]},
			"faces": {
				"north": {"uv": [0, 13.5, 2.125, 13.625], "texture": "#1"},
				"east": {"uv": [0, 13.625, 0.875, 13.75], "texture": "#1"},
				"south": {"uv": [8.375, 1.75, 10.5, 1.875], "texture": "#1"},
				"west": {"uv": [0, 13.5, 0.875, 13.625], "texture": "#1"},
				"up": {"uv": [10.5, 1.75, 8.375, 0.875], "rotation": 180, "texture": "#1"},
				"down": {"uv": [10.5, 0, 8.375, 0.875], "rotation": 180, "texture": "#1"}
			}
		},
		{
			"from": [-6, 20, 2],
			"to": [11, 21, 9],
			"rotation": {"angle": 0, "axis": "y", "origin": [16, 0, 0]},
			"faces": {
				"north": {"uv": [0, 13.5, 2.125, 13.625], "texture": "#1"},
				"east": {"uv": [0, 13.625, 0.875, 13.75], "texture": "#1"},
				"south": {"uv": [8.375, 1.75, 10.5, 1.875], "texture": "#1"},
				"west": {"uv": [0, 13.5, 0.875, 13.625], "texture": "#1"},
				"up": {"uv": [10.5, 1.75, 8.375, 0.875], "rotation": 180, "texture": "#1"},
				"down": {"uv": [10.5, 0, 8.375, 0.875], "rotation": 180, "texture": "#1"}
			}
		},
		{
			"from": [-6, 9, 15.5],
			"to": [11, 10, 15.5],
			"rotation": {"angle": 0, "axis": "y", "origin": [16, 0, 0]},
			"faces": {
				"north": {"uv": [6.25, 0, 8.375, 2.625], "texture": "#1"},
				"east": {"uv": [0, 0, 0, 2.625], "texture": "#1"},
				"south": {"uv": [6.25, 2.5, 8.375, 2.625], "texture": "#1"},
				"west": {"uv": [0, 0, 0, 2.625], "texture": "#1"},
				"up": {"uv": [2.125, 0, 0, 0], "rotation": 180, "texture": "#1"},
				"down": {"uv": [2.125, 0, 0, 0], "rotation": 180, "texture": "#1"}
			}
		},
		{
			"from": [-6, 29, 15.5],
			"to": [11, 30, 15.5],
			"rotation": {"angle": 0, "axis": "y", "origin": [16, 0, 0]},
			"faces": {
				"north": {"uv": [6.25, 0, 8.375, 2.625], "texture": "#1"},
				"east": {"uv": [0, 0, 0, 2.625], "texture": "#1"},
				"south": {"uv": [6.25, 0, 8.375, 0.125], "texture": "#1"},
				"west": {"uv": [0, 0, 0, 2.625], "texture": "#1"},
				"up": {"uv": [2.125, 0, 0, 0], "rotation": 180, "texture": "#1"},
				"down": {"uv": [2.125, 0, 0, 0], "rotation": 180, "texture": "#1"}
			}
		},
		{
			"from": [10, 10, 15.5],
			"to": [11, 29, 15.5],
			"rotation": {"angle": 0, "axis": "y", "origin": [16, 0, 0]},
			"faces": {
				"north": {"uv": [0, 0, 0.125, 2.5], "texture": "#missing"},
				"east": {"uv": [0, 0, 0, 2.5], "texture": "#missing"},
				"south": {"uv": [8.25, 0.125, 8.375, 2.5], "texture": "#1"},
				"west": {"uv": [0, 0, 0, 2.5], "texture": "#missing"},
				"up": {"uv": [0, 0, 0.125, 0], "rotation": 180, "texture": "#missing"},
				"down": {"uv": [0, 0, 0.125, 0], "rotation": 180, "texture": "#missing"}
			}
		},
		{
			"from": [-6, 10, 15.5],
			"to": [-5, 29, 15.5],
			"rotation": {"angle": 0, "axis": "y", "origin": [16, 0, 0]},
			"faces": {
				"north": {"uv": [0, 0, 0.125, 2.5], "texture": "#missing"},
				"east": {"uv": [0, 0, 0, 2.5], "texture": "#missing"},
				"south": {"uv": [6.25, 0.125, 6.375, 2.5], "texture": "#1"},
				"west": {"uv": [0, 0, 0, 2.5], "texture": "#missing"},
				"up": {"uv": [0, 0, 0.125, 0], "rotation": 180, "texture": "#missing"},
				"down": {"uv": [0, 0, 0.125, 0], "rotation": 180, "texture": "#missing"}
			}
		},
		{
			"from": [-5, 11, 4],
			"to": [-2, 17, 7],
			"rotation": {"angle": 0, "axis": "y", "origin": [13.75, 11, 23]},
			"faces": {
				"north": {"uv": [3.75, 14.25, 8, 15.25], "texture": "#0"},
				"east": {"uv": [3.75, 14.25, 8, 15.25], "texture": "#0"},
				"south": {"uv": [3.75, 14.25, 8, 15.25], "texture": "#0"},
				"west": {"uv": [3.75, 14.25, 8, 15.25], "texture": "#0"},
				"up": {"uv": [4.25, 9.25, 8.5, 13.5], "rotation": 180, "texture": "#0"},
				"down": {"uv": [9, 9.25, 13.25, 13.5], "rotation": 180, "texture": "#0"}
			}
		},
		{
			"from": [-5, 11.5, 7],
			"to": [-2, 16.5, 7.25],
			"rotation": {"angle": 0, "axis": "y", "origin": [13.75, 11, 23]},
			"faces": {
				"north": {"uv": [8.5, 0, 12.75, 6.75], "texture": "#0"},
				"east": {"uv": [8.25, 0, 8.5, 6.75], "texture": "#0"},
				"south": {"uv": [0, 0, 4.25, 6.75], "texture": "#0"},
				"west": {"uv": [4.25, 0, 4.5, 6.75], "texture": "#0"},
				"up": {"uv": [4.25, 6.75, 0, 6.5], "rotation": 180, "texture": "#0"},
				"down": {"uv": [4.25, 6.5, 0, 6.75], "rotation": 180, "texture": "#0"}
			}
		},
		{
			"from": [-2, 11.5, 4],
			"to": [-1.75, 16.5, 7],
			"rotation": {"angle": 0, "axis": "y", "origin": [13.75, 11, 23]},
			"faces": {
				"north": {"uv": [8.25, 0, 8.5, 6.75], "texture": "#0"},
				"east": {"uv": [8.5, 0, 12.75, 6.75], "texture": "#0"},
				"south": {"uv": [4.25, 0, 4.5, 6.75], "texture": "#0"},
				"west": {"uv": [8.5, 0, 12.75, 6.75], "texture": "#0"},
				"up": {"uv": [4.25, 6.75, 0, 6.5], "rotation": 90, "texture": "#0"},
				"down": {"uv": [4.25, 6.5, 0, 6.75], "rotation": 270, "texture": "#0"}
			}
		},
		{
			"from": [-5, 11.5, 3.75],
			"to": [-2, 16.5, 4],
			"rotation": {"angle": 0, "axis": "y", "origin": [13.75, 11, 23]},
			"faces": {
				"north": {"uv": [4.25, 0, 8.5, 6.75], "texture": "#0"},
				"east": {"uv": [4.25, 0, 4.5, 6.75], "texture": "#0"},
				"south": {"uv": [8.5, 0, 12.75, 6.75], "texture": "#0"},
				"west": {"uv": [8.25, 0, 8.5, 6.75], "texture": "#0"},
				"up": {"uv": [4.25, 6.75, 0, 6.5], "texture": "#0"},
				"down": {"uv": [4.25, 6.5, 0, 6.75], "texture": "#0"}
			}
		},
		{
			"from": [-5.25, 11.5, 4],
			"to": [-5, 16.5, 7],
			"rotation": {"angle": 0, "axis": "y", "origin": [13.75, 11, 23]},
			"faces": {
				"north": {"uv": [4.25, 0, 4.5, 6.75], "texture": "#0"},
				"east": {"uv": [8.5, 0, 12.75, 6.75], "texture": "#0"},
				"south": {"uv": [8.25, 0, 8.5, 6.75], "texture": "#0"},
				"west": {"uv": [8.5, 0, 12.75, 6.75], "texture": "#0"},
				"up": {"uv": [4.25, 6.75, 0, 6.5], "rotation": 270, "texture": "#0"},
				"down": {"uv": [4.25, 6.5, 0, 6.75], "rotation": 90, "texture": "#0"}
			}
		},
		{
			"from": [-5, 21, 4],
			"to": [-2, 27, 7],
			"rotation": {"angle": 0, "axis": "y", "origin": [13.75, 11, 23]},
			"faces": {
				"north": {"uv": [3.75, 14.25, 8, 15.25], "texture": "#0"},
				"east": {"uv": [3.75, 14.25, 8, 15.25], "texture": "#0"},
				"south": {"uv": [3.75, 14.25, 8, 15.25], "texture": "#0"},
				"west": {"uv": [3.75, 14.25, 8, 15.25], "texture": "#0"},
				"up": {"uv": [4.25, 9.25, 8.5, 13.5], "rotation": 180, "texture": "#0"},
				"down": {"uv": [9, 9.25, 13.25, 13.5], "rotation": 180, "texture": "#0"}
			}
		},
		{
			"from": [-5, 21.5, 7],
			"to": [-2, 26.5, 7.25],
			"rotation": {"angle": 0, "axis": "y", "origin": [13.75, 11, 23]},
			"faces": {
				"north": {"uv": [8.5, 0, 12.75, 6.75], "texture": "#0"},
				"east": {"uv": [8.25, 0, 8.5, 6.75], "texture": "#0"},
				"south": {"uv": [0, 0, 4.25, 6.75], "texture": "#0"},
				"west": {"uv": [4.25, 0, 4.5, 6.75], "texture": "#0"},
				"up": {"uv": [4.25, 6.75, 0, 6.5], "rotation": 180, "texture": "#0"},
				"down": {"uv": [4.25, 6.5, 0, 6.75], "rotation": 180, "texture": "#0"}
			}
		},
		{
			"from": [-2, 21.5, 4],
			"to": [-1.75, 26.5, 7],
			"rotation": {"angle": 0, "axis": "y", "origin": [13.75, 11, 23]},
			"faces": {
				"north": {"uv": [8.25, 0, 8.5, 6.75], "texture": "#0"},
				"east": {"uv": [8.5, 0, 12.75, 6.75], "texture": "#0"},
				"south": {"uv": [4.25, 0, 4.5, 6.75], "texture": "#0"},
				"west": {"uv": [8.5, 0, 12.75, 6.75], "texture": "#0"},
				"up": {"uv": [4.25, 6.75, 0, 6.5], "rotation": 90, "texture": "#0"},
				"down": {"uv": [4.25, 6.5, 0, 6.75], "rotation": 270, "texture": "#0"}
			}
		},
		{
			"from": [-5, 21.5, 3.75],
			"to": [-2, 26.5, 4],
			"rotation": {"angle": 0, "axis": "y", "origin": [13.75, 11, 23]},
			"faces": {
				"north": {"uv": [4.25, 0, 8.5, 6.75], "texture": "#0"},
				"east": {"uv": [4.25, 0, 4.5, 6.75], "texture": "#0"},
				"south": {"uv": [8.5, 0, 12.75, 6.75], "texture": "#0"},
				"west": {"uv": [8.25, 0, 8.5, 6.75], "texture": "#0"},
				"up": {"uv": [4.25, 6.75, 0, 6.5], "texture": "#0"},
				"down": {"uv": [4.25, 6.5, 0, 6.75], "texture": "#0"}
			}
		},
		{
			"from": [-5.25, 21.5, 4],
			"to": [-5, 26.5, 7],
			"rotation": {"angle": 0, "axis": "y", "origin": [13.75, 11, 23]},
			"faces": {
				"north": {"uv": [4.25, 0, 4.5, 6.75], "texture": "#0"},
				"east": {"uv": [8.5, 0, 12.75, 6.75], "texture": "#0"},
				"south": {"uv": [8.25, 0, 8.5, 6.75], "texture": "#0"},
				"west": {"uv": [8.5, 0, 12.75, 6.75], "texture": "#0"},
				"up": {"uv": [4.25, 6.75, 0, 6.5], "rotation": 270, "texture": "#0"},
				"down": {"uv": [4.25, 6.5, 0, 6.75], "rotation": 90, "texture": "#0"}
			}
		},
		{
			"from": [1, 11, 4],
			"to": [4, 17, 7],
			"rotation": {"angle": 0, "axis": "y", "origin": [13.75, 11, 23]},
			"faces": {
				"north": {"uv": [3.75, 14.25, 8, 15.25], "texture": "#0"},
				"east": {"uv": [3.75, 14.25, 8, 15.25], "texture": "#0"},
				"south": {"uv": [3.75, 14.25, 8, 15.25], "texture": "#0"},
				"west": {"uv": [3.75, 14.25, 8, 15.25], "texture": "#0"},
				"up": {"uv": [4.25, 9.25, 8.5, 13.5], "rotation": 180, "texture": "#0"},
				"down": {"uv": [9, 9.25, 13.25, 13.5], "rotation": 180, "texture": "#0"}
			}
		},
		{
			"from": [1, 11.5, 7],
			"to": [4, 16.5, 7.25],
			"rotation": {"angle": 0, "axis": "y", "origin": [13.75, 11, 23]},
			"faces": {
				"north": {"uv": [8.5, 0, 12.75, 6.75], "texture": "#0"},
				"east": {"uv": [8.25, 0, 8.5, 6.75], "texture": "#0"},
				"south": {"uv": [0, 0, 4.25, 6.75], "texture": "#0"},
				"west": {"uv": [4.25, 0, 4.5, 6.75], "texture": "#0"},
				"up": {"uv": [4.25, 6.75, 0, 6.5], "rotation": 180, "texture": "#0"},
				"down": {"uv": [4.25, 6.5, 0, 6.75], "rotation": 180, "texture": "#0"}
			}
		},
		{
			"from": [4, 11.5, 4],
			"to": [4.25, 16.5, 7],
			"rotation": {"angle": 0, "axis": "y", "origin": [13.75, 11, 23]},
			"faces": {
				"north": {"uv": [8.25, 0, 8.5, 6.75], "texture": "#0"},
				"east": {"uv": [8.5, 0, 12.75, 6.75], "texture": "#0"},
				"south": {"uv": [4.25, 0, 4.5, 6.75], "texture": "#0"},
				"west": {"uv": [8.5, 0, 12.75, 6.75], "texture": "#0"},
				"up": {"uv": [4.25, 6.75, 0, 6.5], "rotation": 90, "texture": "#0"},
				"down": {"uv": [4.25, 6.5, 0, 6.75], "rotation": 270, "texture": "#0"}
			}
		},
		{
			"from": [1, 11.5, 3.75],
			"to": [4, 16.5, 4],
			"rotation": {"angle": 0, "axis": "y", "origin": [13.75, 11, 23]},
			"faces": {
				"north": {"uv": [4.25, 0, 8.5, 6.75], "texture": "#0"},
				"east": {"uv": [4.25, 0, 4.5, 6.75], "texture": "#0"},
				"south": {"uv": [8.5, 0, 12.75, 6.75], "texture": "#0"},
				"west": {"uv": [8.25, 0, 8.5, 6.75], "texture": "#0"},
				"up": {"uv": [4.25, 6.75, 0, 6.5], "texture": "#0"},
				"down": {"uv": [4.25, 6.5, 0, 6.75], "texture": "#0"}
			}
		},
		{
			"from": [0.75, 11.5, 4],
			"to": [1, 16.5, 7],
			"rotation": {"angle": 0, "axis": "y", "origin": [13.75, 11, 23]},
			"faces": {
				"north": {"uv": [4.25, 0, 4.5, 6.75], "texture": "#0"},
				"east": {"uv": [8.5, 0, 12.75, 6.75], "texture": "#0"},
				"south": {"uv": [8.25, 0, 8.5, 6.75], "texture": "#0"},
				"west": {"uv": [8.5, 0, 12.75, 6.75], "texture": "#0"},
				"up": {"uv": [4.25, 6.75, 0, 6.5], "rotation": 270, "texture": "#0"},
				"down": {"uv": [4.25, 6.5, 0, 6.75], "rotation": 90, "texture": "#0"}
			}
		},
		{
			"from": [1, 21, 4],
			"to": [4, 27, 7],
			"rotation": {"angle": 0, "axis": "y", "origin": [13.75, 11, 23]},
			"faces": {
				"north": {"uv": [3.75, 14.25, 8, 15.25], "texture": "#0"},
				"east": {"uv": [3.75, 14.25, 8, 15.25], "texture": "#0"},
				"south": {"uv": [3.75, 14.25, 8, 15.25], "texture": "#0"},
				"west": {"uv": [3.75, 14.25, 8, 15.25], "texture": "#0"},
				"up": {"uv": [4.25, 9.25, 8.5, 13.5], "rotation": 180, "texture": "#0"},
				"down": {"uv": [9, 9.25, 13.25, 13.5], "rotation": 180, "texture": "#0"}
			}
		},
		{
			"from": [1, 21.5, 7],
			"to": [4, 26.5, 7.25],
			"rotation": {"angle": 0, "axis": "y", "origin": [13.75, 11, 23]},
			"faces": {
				"north": {"uv": [8.5, 0, 12.75, 6.75], "texture": "#0"},
				"east": {"uv": [8.25, 0, 8.5, 6.75], "texture": "#0"},
				"south": {"uv": [0, 0, 4.25, 6.75], "texture": "#0"},
				"west": {"uv": [4.25, 0, 4.5, 6.75], "texture": "#0"},
				"up": {"uv": [4.25, 6.75, 0, 6.5], "rotation": 180, "texture": "#0"},
				"down": {"uv": [4.25, 6.5, 0, 6.75], "rotation": 180, "texture": "#0"}
			}
		},
		{
			"from": [4, 21.5, 4],
			"to": [4.25, 26.5, 7],
			"rotation": {"angle": 0, "axis": "y", "origin": [13.75, 11, 23]},
			"faces": {
				"north": {"uv": [8.25, 0, 8.5, 6.75], "texture": "#0"},
				"east": {"uv": [8.5, 0, 12.75, 6.75], "texture": "#0"},
				"south": {"uv": [4.25, 0, 4.5, 6.75], "texture": "#0"},
				"west": {"uv": [8.5, 0, 12.75, 6.75], "texture": "#0"},
				"up": {"uv": [4.25, 6.75, 0, 6.5], "rotation": 90, "texture": "#0"},
				"down": {"uv": [4.25, 6.5, 0, 6.75], "rotation": 270, "texture": "#0"}
			}
		},
		{
			"from": [1, 21.5, 3.75],
			"to": [4, 26.5, 4],
			"rotation": {"angle": 0, "axis": "y", "origin": [13.75, 11, 23]},
			"faces": {
				"north": {"uv": [4.25, 0, 8.5, 6.75], "texture": "#0"},
				"east": {"uv": [4.25, 0, 4.5, 6.75], "texture": "#0"},
				"south": {"uv": [8.5, 0, 12.75, 6.75], "texture": "#0"},
				"west": {"uv": [8.25, 0, 8.5, 6.75], "texture": "#0"},
				"up": {"uv": [4.25, 6.75, 0, 6.5], "texture": "#0"},
				"down": {"uv": [4.25, 6.5, 0, 6.75], "texture": "#0"}
			}
		},
		{
			"from": [0.75, 21.5, 4],
			"to": [1, 26.5, 7],
			"rotation": {"angle": 0, "axis": "y", "origin": [13.75, 11, 23]},
			"faces": {
				"north": {"uv": [4.25, 0, 4.5, 6.75], "texture": "#0"},
				"east": {"uv": [8.5, 0, 12.75, 6.75], "texture": "#0"},
				"south": {"uv": [8.25, 0, 8.5, 6.75], "texture": "#0"},
				"west": {"uv": [8.5, 0, 12.75, 6.75], "texture": "#0"},
				"up": {"uv": [4.25, 6.75, 0, 6.5], "rotation": 270, "texture": "#0"},
				"down": {"uv": [4.25, 6.5, 0, 6.75], "rotation": 90, "texture": "#0"}
			}
		},
		{
			"from": [7, 11, 4],
			"to": [10, 17, 7],
			"rotation": {"angle": 0, "axis": "y", "origin": [13.75, 11, 23]},
			"faces": {
				"north": {"uv": [3.75, 14.25, 8, 15.25], "texture": "#0"},
				"east": {"uv": [3.75, 14.25, 8, 15.25], "texture": "#0"},
				"south": {"uv": [3.75, 14.25, 8, 15.25], "texture": "#0"},
				"west": {"uv": [3.75, 14.25, 8, 15.25], "texture": "#0"},
				"up": {"uv": [4.25, 9.25, 8.5, 13.5], "rotation": 180, "texture": "#0"},
				"down": {"uv": [9, 9.25, 13.25, 13.5], "rotation": 180, "texture": "#0"}
			}
		},
		{
			"from": [7, 11.5, 7],
			"to": [10, 16.5, 7.25],
			"rotation": {"angle": 0, "axis": "y", "origin": [13.75, 11, 23]},
			"faces": {
				"north": {"uv": [8.5, 0, 12.75, 6.75], "texture": "#0"},
				"east": {"uv": [8.25, 0, 8.5, 6.75], "texture": "#0"},
				"south": {"uv": [0, 0, 4.25, 6.75], "texture": "#0"},
				"west": {"uv": [4.25, 0, 4.5, 6.75], "texture": "#0"},
				"up": {"uv": [4.25, 6.75, 0, 6.5], "rotation": 180, "texture": "#0"},
				"down": {"uv": [4.25, 6.5, 0, 6.75], "rotation": 180, "texture": "#0"}
			}
		},
		{
			"from": [10, 11.5, 4],
			"to": [10.25, 16.5, 7],
			"rotation": {"angle": 0, "axis": "y", "origin": [13.75, 11, 23]},
			"faces": {
				"north": {"uv": [8.25, 0, 8.5, 6.75], "texture": "#0"},
				"east": {"uv": [8.5, 0, 12.75, 6.75], "texture": "#0"},
				"south": {"uv": [4.25, 0, 4.5, 6.75], "texture": "#0"},
				"west": {"uv": [8.5, 0, 12.75, 6.75], "texture": "#0"},
				"up": {"uv": [4.25, 6.75, 0, 6.5], "rotation": 90, "texture": "#0"},
				"down": {"uv": [4.25, 6.5, 0, 6.75], "rotation": 270, "texture": "#0"}
			}
		},
		{
			"from": [7, 11.5, 3.75],
			"to": [10, 16.5, 4],
			"rotation": {"angle": 0, "axis": "y", "origin": [13.75, 11, 23]},
			"faces": {
				"north": {"uv": [4.25, 0, 8.5, 6.75], "texture": "#0"},
				"east": {"uv": [4.25, 0, 4.5, 6.75], "texture": "#0"},
				"south": {"uv": [8.5, 0, 12.75, 6.75], "texture": "#0"},
				"west": {"uv": [8.25, 0, 8.5, 6.75], "texture": "#0"},
				"up": {"uv": [4.25, 6.75, 0, 6.5], "texture": "#0"},
				"down": {"uv": [4.25, 6.5, 0, 6.75], "texture": "#0"}
			}
		},
		{
			"from": [6.75, 11.5, 4],
			"to": [7, 16.5, 7],
			"rotation": {"angle": 0, "axis": "y", "origin": [13.75, 11, 23]},
			"faces": {
				"north": {"uv": [4.25, 0, 4.5, 6.75], "texture": "#0"},
				"east": {"uv": [8.5, 0, 12.75, 6.75], "texture": "#0"},
				"south": {"uv": [8.25, 0, 8.5, 6.75], "texture": "#0"},
				"west": {"uv": [8.5, 0, 12.75, 6.75], "texture": "#0"},
				"up": {"uv": [4.25, 6.75, 0, 6.5], "rotation": 270, "texture": "#0"},
				"down": {"uv": [4.25, 6.5, 0, 6.75], "rotation": 90, "texture": "#0"}
			}
		},
		{
			"from": [7, 21, 4],
			"to": [10, 27, 7],
			"rotation": {"angle": 0, "axis": "y", "origin": [13.75, 11, 23]},
			"faces": {
				"north": {"uv": [3.75, 14.25, 8, 15.25], "texture": "#0"},
				"east": {"uv": [3.75, 14.25, 8, 15.25], "texture": "#0"},
				"south": {"uv": [3.75, 14.25, 8, 15.25], "texture": "#0"},
				"west": {"uv": [3.75, 14.25, 8, 15.25], "texture": "#0"},
				"up": {"uv": [4.25, 9.25, 8.5, 13.5], "rotation": 180, "texture": "#0"},
				"down": {"uv": [9, 9.25, 13.25, 13.5], "rotation": 180, "texture": "#0"}
			}
		},
		{
			"from": [7, 21.5, 7],
			"to": [10, 26.5, 7.25],
			"rotation": {"angle": 0, "axis": "y", "origin": [13.75, 11, 23]},
			"faces": {
				"north": {"uv": [8.5, 0, 12.75, 6.75], "texture": "#0"},
				"east": {"uv": [8.25, 0, 8.5, 6.75], "texture": "#0"},
				"south": {"uv": [0, 0, 4.25, 6.75], "texture": "#0"},
				"west": {"uv": [4.25, 0, 4.5, 6.75], "texture": "#0"},
				"up": {"uv": [4.25, 6.75, 0, 6.5], "rotation": 180, "texture": "#0"},
				"down": {"uv": [4.25, 6.5, 0, 6.75], "rotation": 180, "texture": "#0"}
			}
		},
		{
			"from": [10, 21.5, 4],
			"to": [10.25, 26.5, 7],
			"rotation": {"angle": 0, "axis": "y", "origin": [13.75, 11, 23]},
			"faces": {
				"north": {"uv": [8.25, 0, 8.5, 6.75], "texture": "#0"},
				"east": {"uv": [8.5, 0, 12.75, 6.75], "texture": "#0"},
				"south": {"uv": [4.25, 0, 4.5, 6.75], "texture": "#0"},
				"west": {"uv": [8.5, 0, 12.75, 6.75], "texture": "#0"},
				"up": {"uv": [4.25, 6.75, 0, 6.5], "rotation": 90, "texture": "#0"},
				"down": {"uv": [4.25, 6.5, 0, 6.75], "rotation": 270, "texture": "#0"}
			}
		},
		{
			"from": [7, 21.5, 3.75],
			"to": [10, 26.5, 4],
			"rotation": {"angle": 0, "axis": "y", "origin": [13.75, 11, 23]},
			"faces": {
				"north": {"uv": [4.25, 0, 8.5, 6.75], "texture": "#0"},
				"east": {"uv": [4.25, 0, 4.5, 6.75], "texture": "#0"},
				"south": {"uv": [8.5, 0, 12.75, 6.75], "texture": "#0"},
				"west": {"uv": [8.25, 0, 8.5, 6.75], "texture": "#0"},
				"up": {"uv": [4.25, 6.75, 0, 6.5], "texture": "#0"},
				"down": {"uv": [4.25, 6.5, 0, 6.75], "texture": "#0"}
			}
		},
		{
			"from": [6.75, 21.5, 4],
			"to": [7, 26.5, 7],
			"rotation": {"angle": 0, "axis": "y", "origin": [13.75, 11, 23]},
			"faces": {
				"north": {"uv": [4.25, 0, 4.5, 6.75], "texture": "#0"},
				"east": {"uv": [8.5, 0, 12.75, 6.75], "texture": "#0"},
				"south": {"uv": [8.25, 0, 8.5, 6.75], "texture": "#0"},
				"west": {"uv": [8.5, 0, 12.75, 6.75], "texture": "#0"},
				"up": {"uv": [4.25, 6.75, 0, 6.5], "rotation": 270, "texture": "#0"},
				"down": {"uv": [4.25, 6.5, 0, 6.75], "rotation": 90, "texture": "#0"}
			}
		},
		{
			"from": [9, 10.5, 15.5],
			"to": [9.5, 11, 15.5],
			"rotation": {"angle": 0, "axis": "y", "origin": [16, 0, 0]},
			"faces": {
				"north": {"uv": [0, 0, 0.0625, 0.0625], "texture": "#missing"},
				"east": {"uv": [0, 0, 0, 0.0625], "texture": "#missing"},
				"south": {"uv": [8.125, 2.4375, 8.1875, 2.5], "texture": "#1"},
				"west": {"uv": [0, 0, 0, 0.0625], "texture": "#missing"},
				"up": {"uv": [0, 0, 0.0625, 0], "rotation": 180, "texture": "#missing"},
				"down": {"uv": [0, 0, 0.0625, 0], "rotation": 180, "texture": "#missing"}
			}
		},
		{
			"from": [9.5, 11, 15.5],
			"to": [10, 11.5, 15.5],
			"rotation": {"angle": 0, "axis": "y", "origin": [16, 0, 0]},
			"faces": {
				"north": {"uv": [0, 0, 0.0625, 0.0625], "texture": "#missing"},
				"east": {"uv": [0, 0, 0, 0.0625], "texture": "#missing"},
				"south": {"uv": [8.1875, 2.375, 8.25, 2.4375], "texture": "#1"},
				"west": {"uv": [0, 0, 0, 0.0625], "texture": "#missing"},
				"up": {"uv": [0, 0, 0.0625, 0], "rotation": 180, "texture": "#missing"},
				"down": {"uv": [0, 0, 0.0625, 0], "rotation": 180, "texture": "#missing"}
			}
		},
		{
			"from": [-5, 27, 15.5],
			"to": [-4.5, 27.5, 15.5],
			"rotation": {"angle": 0, "axis": "y", "origin": [16, 0, 0]},
			"faces": {
				"north": {"uv": [0, 0, 0.0625, 0.0625], "texture": "#missing"},
				"east": {"uv": [0, 0, 0, 0.0625], "texture": "#missing"},
				"south": {"uv": [6.375, 0.25, 6.4375, 0.3125], "texture": "#1"},
				"west": {"uv": [0, 0, 0, 0.0625], "texture": "#missing"},
				"up": {"uv": [0, 0, 0.0625, 0], "rotation": 180, "texture": "#missing"},
				"down": {"uv": [0, 0, 0.0625, 0], "rotation": 180, "texture": "#missing"}
			}
		},
		{
			"from": [-4.5, 27.5, 15.5],
			"to": [-4, 28, 15.5],
			"rotation": {"angle": 0, "axis": "y", "origin": [16, 0, 0]},
			"faces": {
				"north": {"uv": [0, 0, 0.0625, 0.0625], "texture": "#missing"},
				"east": {"uv": [0, 0, 0, 0.0625], "texture": "#missing"},
				"south": {"uv": [6.4375, 0.1875, 6.5, 0.25], "texture": "#1"},
				"west": {"uv": [0, 0, 0, 0.0625], "texture": "#missing"},
				"up": {"uv": [0, 0, 0.0625, 0], "rotation": 180, "texture": "#missing"},
				"down": {"uv": [0, 0, 0.0625, 0], "rotation": 180, "texture": "#missing"}
			}
		},
		{
			"from": [-4, 28, 15.5],
			"to": [-3.5, 28.5, 15.5],
			"rotation": {"angle": 0, "axis": "y", "origin": [16, 0, 0]},
			"faces": {
				"north": {"uv": [0, 0, 0.0625, 0.0625], "texture": "#missing"},
				"east": {"uv": [0, 0, 0, 0.0625], "texture": "#missing"},
				"south": {"uv": [6.5, 0.125, 6.5625, 0.1875], "texture": "#1"},
				"west": {"uv": [0, 0, 0, 0.0625], "texture": "#missing"},
				"up": {"uv": [0, 0, 0.0625, 0], "rotation": 180, "texture": "#missing"},
				"down": {"uv": [0, 0, 0.0625, 0], "rotation": 180, "texture": "#missing"}
			}
		}
	],
	"display": {
		"thirdperson_righthand": {
			"rotation": [0, -90, 0],
			"translation": [0.5, 1.5, 0],
			"scale": [0.25, 0.25, 0.25]
		},
		"thirdperson_lefthand": {
			"rotation": [0, -90, 0],
			"translation": [0.5, 1.5, 0],
			"scale": [0.25, 0.25, 0.25]
		},
		"firstperson_righthand": {
			"rotation": [-45, -90, 0],
			"translation": [0, 2.25, 2],
			"scale": [0.25, 0.25, 0.25]
		},
		"firstperson_lefthand": {
			"rotation": [-45, -90, 0],
			"translation": [0, 2.25, 2],
			"scale": [0.25, 0.25, 0.25]
		},
		"ground": {
			"translation": [0, -1.75, 0],
			"scale": [0.25, 0.25, 0.25]
		},
		"gui": {
			"rotation": [30, 30, 0],
			"translation": [1.5, -2.25, 0],
			"scale": [0.4, 0.4, 0.4]
		},
		"fixed": {
			"rotation": [-90, 0, 0],
			"translation": [0, 0, -16],
			"scale": [2, 2, 2]
		}
	},
	"groups": [
		0,
		1,
		2,
		3,
		4,
		5,
		6,
		7,
		8,
		9,
		10,
		11,
		12,
		13,
		14,
		15,
		{
			"name": "honey_bottle",
			"origin": [8, 8, 8],
			"color": 0,
			"children": [
				{
					"name": "can",
					"origin": [10, 0, 7],
					"color": 0,
					"children": [16, 17, 18, 19, 20]
				}
			]
		},
		{
			"name": "honey_bottle",
			"origin": [8, 8, 8],
			"color": 0,
			"children": [
				{
					"name": "can",
					"origin": [10, 0, 7],
					"color": 0,
					"children": [21, 22, 23, 24, 25]
				}
			]
		},
		{
			"name": "honey_bottle",
			"origin": [8, 8, 8],
			"color": 0,
			"children": [
				{
					"name": "can",
					"origin": [10, 0, 7],
					"color": 0,
					"children": [26, 27, 28, 29, 30]
				}
			]
		},
		{
			"name": "honey_bottle",
			"origin": [8, 8, 8],
			"color": 0,
			"children": [
				{
					"name": "can",
					"origin": [10, 0, 7],
					"color": 0,
					"children": [31, 32, 33, 34, 35]
				}
			]
		},
		{
			"name": "honey_bottle",
			"origin": [8, 8, 8],
			"color": 0,
			"children": [
				{
					"name": "can",
					"origin": [10, 0, 7],
					"color": 0,
					"children": [36, 37, 38, 39, 40]
				}
			]
		},
		{
			"name": "honey_bottle",
			"origin": [8, 8, 8],
			"color": 0,
			"children": [
				{
					"name": "can",
					"origin": [10, 0, 7],
					"color": 0,
					"children": [41, 42, 43, 44, 45]
				}
			]
		},
		46,
		47,
		48,
		49,
		50
	]
}