{
    "providers": [
        {
            "type": "bitmap",
            "file": "minecraft:screamer.png",
            "ascent": 128,
	    "height":256,
            "chars": ["\uE000"]
        },
        {
            "type": "bitmap",
            "file": "minecraft:theend_map1.png",
            "ascent": 25,
	    "height":50,
            "chars": ["\ue001"]
        },
        {
            "type": "bitmap",
            "file": "minecraft:theend_map2.png",
            "ascent": 25,
	    "height":50,
            "chars": ["\ue002"]
        },
        {
            "type": "bitmap",
            "file": "minecraft:theend_map3.png",
            "ascent": 25,
	    "height":50,
            "chars": ["\uE003"]
        },
        {
            "type": "bitmap",
            "file": "minecraft:theend_map4.png",
            "ascent": 25,
	    "height":50,
            "chars": ["\uE004"]
        },
        {
            "type": "bitmap",
            "file": "minecraft:theend_map5.png",
            "ascent": 25,
	    "height":50,
            "chars": ["\uE005"]
        },
        {
            "type": "bitmap",
            "file": "minecraft:theend_map6.png",
            "ascent": 25,
	    "height":50,
            "chars": ["\uE006"]
        },
        {
            "type": "bitmap",
            "file": "minecraft:theend_map7.png",
            "ascent": 25,
	    "height":50,
            "chars": ["\uE007"]
        },
        {
            "type": "bitmap",
            "file": "minecraft:credits_devloper.png",
            "ascent": 160,
	    "height":160,
            "chars": ["\uE010"]
        },
        {
            "type": "bitmap",
            "file": "minecraft:credits_game_designe_texture.png",
            "ascent": 160,
	    "height":160,
            "chars": ["\uE011"]
        },
        {
            "type": "bitmap",
            "file": "minecraft:credits_build.png",
            "ascent": 160,
	    "height":160,
            "chars": ["\uE012"]
        },
        {
            "type": "bitmap",
            "file": "minecraft:credits_sound.png",
            "ascent": 160,
	    "height":160,
            "chars": ["\uE013"]
        },
        {
            "type": "bitmap",
            "file": "minecraft:credits_wal.png",
            "ascent": 160,
	    "height":160,
            "chars": ["\uE014"]
        }
    ]
}
