{
	"credit": "Made with Blockbench",
	"texture_size": [32, 32],
	"textures": {
		"2": "block/neo_down",
		"3": "block/neon_light_off"
	},
	"elements": [
		{
			"name": "coffrage",
			"from": [6, 0, 15],
			"to": [10, 32, 16],
			"rotation": {"angle": 0, "axis": "y", "origin": [8, 8, 8]},
			"faces": {
				"north": {"uv": [16, 2, 0, 0], "rotation": 270, "texture": "#2"},
				"east": {"uv": [0, 4, 16, 4.5], "rotation": 90, "texture": "#2"},
				"south": {"uv": [16, 2, 0, 4], "rotation": 270, "texture": "#2"},
				"west": {"uv": [0, 4.5, 16, 5], "rotation": 270, "texture": "#2"},
				"up": {"uv": [0, 5, 2, 5.5], "texture": "#2"},
				"down": {"uv": [2, 5, 4, 5.5], "rotation": 180, "texture": "#2"}
			}
		},
		{
			"name": "neon",
			"from": [7, 1, 14],
			"to": [9, 31, 15],
			"rotation": {"angle": 0, "axis": "y", "origin": [8, 8, 8]},
			"faces": {
				"north": {"uv": [15, 1, 0, 0], "rotation": 270, "texture": "#3"},
				"east": {"uv": [0, 2, 15, 2.5], "rotation": 90, "texture": "#3"},
				"south": {"uv": [15, 1, 0, 2], "rotation": 270, "texture": "#3"},
				"west": {"uv": [0, 2.5, 15, 3], "rotation": 270, "texture": "#3"},
				"up": {"uv": [0, 3, 1, 3.5], "texture": "#3"},
				"down": {"uv": [1, 3, 2, 3.5], "rotation": 180, "texture": "#3"}
			}
		}
	],
	"display": {
		"gui": {
			"rotation": [180, 0, 54],
			"translation": [3, 2.5, 0],
			"scale": [0.5, 0.5, 0.5]
		},
		"fixed": {
			"translation": [0, 0, -16],
			"scale": [2, 2, 2]
		}
	}
}