{
	"credit": "Made with Blockbench",
	"textures": {
		"0": "block/small_pipe",
		"particle": "block/small_pipe"
	},
	"elements": [
		{
			"from": [17, 1, 7],
			"to": [32, 3, 9],
			"faces": {
				"north": {"uv": [0, 2, 15, 4], "texture": "#0"},
				"east": {"uv": [0, 8, 2, 10], "texture": "#0"},
				"south": {"uv": [0, 4, 15, 6], "texture": "#0"},
				"west": {"uv": [2, 8, 4, 10], "texture": "#0"},
				"up": {"uv": [15, 6, 0, 4], "texture": "#0"},
				"down": {"uv": [15, 0, 0, 2], "texture": "#0"}
			}
		},
		{
			"from": [16, 0.5, 6.5],
			"to": [17, 3.5, 9.5],
			"faces": {
				"north": {"uv": [4, 11, 5, 14], "texture": "#0"},
				"east": {"uv": [3, 10, 6, 13], "texture": "#0"},
				"south": {"uv": [5, 11, 6, 14], "texture": "#0"},
				"west": {"uv": [0, 10, 3, 13], "texture": "#0"},
				"up": {"uv": [1, 11, 2, 14], "texture": "#0"},
				"down": {"uv": [0, 11, 1, 14], "texture": "#0"}
			}
		},
		{
			"from": [0, 0.5, 6.5],
			"to": [1, 3.5, 9.5],
			"faces": {
				"north": {"uv": [4, 11, 5, 14], "texture": "#0"},
				"east": {"uv": [3, 10, 6, 13], "texture": "#0"},
				"south": {"uv": [5, 11, 6, 14], "texture": "#0"},
				"west": {"uv": [0, 10, 3, 13], "texture": "#0"},
				"up": {"uv": [1, 11, 2, 14], "texture": "#0"},
				"down": {"uv": [0, 11, 1, 14], "texture": "#0"}
			}
		},
		{
			"from": [1, 1, 7],
			"to": [16, 3, 9],
			"faces": {
				"north": {"uv": [0, 0, 15, 2], "texture": "#0"},
				"east": {"uv": [0, 6, 15, 8], "texture": "#0"},
				"south": {"uv": [0, 2, 15, 4], "texture": "#0"},
				"west": {"uv": [0, 0, 15, 2], "texture": "#0"},
				"up": {"uv": [15, 6, 0, 4], "texture": "#0"},
				"down": {"uv": [15, 6, 0, 8], "texture": "#0"}
			}
		}
	],
	"display": {
		"thirdperson_righthand": {
			"rotation": [0, 0, 90],
			"translation": [-3, 2, 0],
			"scale": [0.5, 0.5, 0.5]
		},
		"thirdperson_lefthand": {
			"rotation": [0, 0, -90],
			"translation": [3, 2, 0],
			"scale": [0.5, 0.5, 0.5]
		},
		"firstperson_righthand": {
			"rotation": [0, 0, 90],
			"translation": [-3, 2, 0],
			"scale": [0.5, 0.5, 0.5]
		},
		"firstperson_lefthand": {
			"rotation": [0, 0, -90],
			"translation": [3, 2, 0],
			"scale": [0.5, 0.5, 0.5]
		},
		"ground": {
			"translation": [0, 1, 0],
			"scale": [0.5, 0.5, 0.5]
		},
		"gui": {
			"rotation": [25, 45, 90],
			"translation": [-1.75, -4.5, 0],
			"scale": [0.5, 0.5, 0.5]
		},
		"head": {
			"rotation": [-40, 0, 90],
			"translation": [-6, 0, -1]
		},
		"fixed": {
			"rotation": [0, 0, 90],
			"translation": [-12, -14, -4],
			"scale": [2, 2, 2]
		}
	}
}