{
	"credit": "Made with Blockbench",
	"textures": {
		"0": "block/feuille1",
		"1": "block/feuille2",
		"particle": "block/feuille1"
	},
	"elements": [
		{
			"name": "bas feuille",
			"from": [0, 0, 8.5],
			"to": [18, 10, 8.5],
			"rotation": {"angle": 22.5, "axis": "x", "origin": [7, 0, 8.5]},
			"faces": {
				"north": {"uv": [9.5, 16, 0, 11.5], "rotation": 180, "texture": "#0"},
				"east": {"uv": [0, 0, 8, 0], "rotation": 90, "texture": "#0"},
				"south": {"uv": [9.5, 11.5, 0, 16], "texture": "#0"},
				"west": {"uv": [0, 0, 8, 0], "rotation": 270, "texture": "#0"},
				"up": {"uv": [0, 0, 7, 0], "texture": "#0"},
				"down": {"uv": [0, 0, 7, 0], "rotation": 180, "texture": "#0"}
			}
		},
		{
			"name": "millieu feuille",
			"from": [0, 9, 12.3],
			"to": [18, 9, 22.3],
			"rotation": {"angle": -45, "axis": "x", "origin": [5, 9, 12]},
			"faces": {
				"north": {"uv": [0, 0, 7, 0], "texture": "#0"},
				"east": {"uv": [0, 0, 8, 0], "texture": "#0"},
				"south": {"uv": [0, 0, 7, 0], "texture": "#0"},
				"west": {"uv": [0, 0, 8, 0], "texture": "#0"},
				"up": {"uv": [9.5, 11.5, 0, 6.5], "texture": "#0"},
				"down": {"uv": [9.5, 6.5, 0, 11.5], "texture": "#0"}
			}
		},
		{
			"name": "haut feuille",
			"from": [0, 17, 19],
			"to": [18, 17, 32],
			"rotation": {"angle": -22.5, "axis": "x", "origin": [4, 17, 21]},
			"faces": {
				"north": {"uv": [0, 0, 7, 0], "texture": "#0"},
				"east": {"uv": [0, 0, 8, 0], "texture": "#0"},
				"south": {"uv": [0, 0, 7, 0], "texture": "#0"},
				"west": {"uv": [0, 0, 8, 0], "texture": "#0"},
				"up": {"uv": [9.5, 6.5, 0, 0], "texture": "#0"},
				"down": {"uv": [9.5, 0, 0, 6.5], "texture": "#0"}
			}
		},
		{
			"name": "bas feuille",
			"from": [0, 0, 8.5],
			"to": [18, 10, 8.5],
			"rotation": {"angle": -22.5, "axis": "x", "origin": [7, 0, 8.5]},
			"faces": {
				"north": {"uv": [9.5, 16, 0, 11.5], "rotation": 180, "texture": "#0"},
				"east": {"uv": [0, 0, 8, 0], "rotation": 90, "texture": "#0"},
				"south": {"uv": [9.5, 11.5, 0, 16], "texture": "#0"},
				"west": {"uv": [0, 0, 8, 0], "rotation": 270, "texture": "#0"},
				"up": {"uv": [0, 0, 7, 0], "texture": "#0"},
				"down": {"uv": [0, 0, 7, 0], "rotation": 180, "texture": "#0"}
			}
		},
		{
			"name": "millieu feuille",
			"from": [0, 9.35, 4.9],
			"to": [18, 19.35, 4.9],
			"rotation": {"angle": -45, "axis": "x", "origin": [7, 9, 5]},
			"faces": {
				"north": {"uv": [9.5, 11.5, 0, 6.5], "rotation": 180, "texture": "#0"},
				"east": {"uv": [0, 0, 8, 0], "rotation": 90, "texture": "#0"},
				"south": {"uv": [9.5, 6.5, 0, 11.5], "texture": "#0"},
				"west": {"uv": [0, 0, 8, 0], "rotation": 270, "texture": "#0"},
				"up": {"uv": [0, 0, 7, 0], "texture": "#0"},
				"down": {"uv": [0, 0, 7, 0], "rotation": 180, "texture": "#0"}
			}
		},
		{
			"name": "haut feuille",
			"from": [0, 16.2, -15.3],
			"to": [18, 16.2, -2.3],
			"rotation": {"angle": 22.5, "axis": "x", "origin": [7, 16, -2.5]},
			"faces": {
				"north": {"uv": [0, 0, 7, 0], "rotation": 180, "texture": "#0"},
				"east": {"uv": [0, 0, 8, 0], "rotation": 180, "texture": "#0"},
				"south": {"uv": [0, 0, 7, 0], "rotation": 180, "texture": "#0"},
				"west": {"uv": [0, 0, 8, 0], "rotation": 180, "texture": "#0"},
				"up": {"uv": [9.5, 0, 0, 6.5], "texture": "#0"},
				"down": {"uv": [9.5, 6.5, 0, 0], "texture": "#0"}
			}
		},
		{
			"name": "bas feuille",
			"from": [9, 0, -1],
			"to": [9, 10, 17],
			"rotation": {"angle": 22.5, "axis": "z", "origin": [9, 0, 8.5]},
			"faces": {
				"north": {"uv": [0, 0, 8, 0], "rotation": 90, "texture": "#0"},
				"east": {"uv": [9.5, 11.5, 0, 16], "texture": "#0"},
				"south": {"uv": [0, 0, 8, 0], "rotation": 270, "texture": "#0"},
				"west": {"uv": [9.5, 16, 0, 11.5], "rotation": 180, "texture": "#0"},
				"up": {"uv": [0, 0, 7, 0], "rotation": 270, "texture": "#0"},
				"down": {"uv": [0, 0, 7, 0], "rotation": 270, "texture": "#0"}
			}
		},
		{
			"name": "millieu feuille",
			"from": [5.2, 8.9, 0],
			"to": [5.2, 18.9, 18],
			"rotation": {"angle": 45, "axis": "z", "origin": [5, 9, 14]},
			"faces": {
				"north": {"uv": [0, 0, 8, 0], "rotation": 90, "texture": "#0"},
				"east": {"uv": [9.5, 6.5, 0, 11.5], "texture": "#0"},
				"south": {"uv": [0, 0, 8, 0], "rotation": 270, "texture": "#0"},
				"west": {"uv": [9.5, 11.5, 0, 6.5], "rotation": 180, "texture": "#0"},
				"up": {"uv": [0, 0, 7, 0], "rotation": 270, "texture": "#0"},
				"down": {"uv": [0, 0, 7, 0], "rotation": 270, "texture": "#0"}
			}
		},
		{
			"name": "haut feuille",
			"from": [-14.7, 16.2, 0],
			"to": [-1.7, 16.2, 18],
			"rotation": {"angle": -22.5, "axis": "z", "origin": [-2, 16, 17]},
			"faces": {
				"north": {"uv": [0, 0, 8, 0], "rotation": 180, "texture": "#0"},
				"east": {"uv": [0, 0, 7, 0], "rotation": 180, "texture": "#0"},
				"south": {"uv": [0, 0, 8, 0], "rotation": 180, "texture": "#0"},
				"west": {"uv": [0, 0, 7, 0], "rotation": 180, "texture": "#0"},
				"up": {"uv": [9.5, 0, 0, 6.5], "rotation": 270, "texture": "#0"},
				"down": {"uv": [9.5, 6.5, 0, 0], "rotation": 90, "texture": "#0"}
			}
		},
		{
			"name": "bas feuille",
			"from": [9, 0, -1],
			"to": [9, 10, 17],
			"rotation": {"angle": -22.5, "axis": "z", "origin": [9, 0, 8.5]},
			"faces": {
				"north": {"uv": [0, 0, 8, 0], "rotation": 90, "texture": "#0"},
				"east": {"uv": [9.5, 11.5, 0, 16], "texture": "#0"},
				"south": {"uv": [0, 0, 8, 0], "rotation": 270, "texture": "#0"},
				"west": {"uv": [9.5, 16, 0, 11.5], "rotation": 180, "texture": "#0"},
				"up": {"uv": [0, 0, 7, 0], "rotation": 270, "texture": "#0"},
				"down": {"uv": [0, 0, 7, 0], "rotation": 270, "texture": "#0"}
			}
		},
		{
			"name": "millieu feuille",
			"from": [12.7, 9, -1],
			"to": [12.7, 19, 17],
			"rotation": {"angle": -22.5, "axis": "z", "origin": [13, 9, 14]},
			"faces": {
				"north": {"uv": [0, 0, 8, 0], "rotation": 90, "texture": "#0"},
				"east": {"uv": [9.5, 6.5, 0, 11.5], "texture": "#0"},
				"south": {"uv": [0, 0, 8, 0], "rotation": 270, "texture": "#0"},
				"west": {"uv": [9.5, 11.5, 0, 6.5], "rotation": 180, "texture": "#0"},
				"up": {"uv": [0, 0, 7, 0], "rotation": 270, "texture": "#0"},
				"down": {"uv": [0, 0, 7, 0], "rotation": 270, "texture": "#0"}
			}
		},
		{
			"name": "haut feuille",
			"from": [16.3, 18.55, 0],
			"to": [29.3, 18.55, 17],
			"rotation": {"angle": 22.5, "axis": "z", "origin": [17, 19, 17]},
			"faces": {
				"north": {"uv": [0, 0, 8, 0], "texture": "#0"},
				"east": {"uv": [0, 0, 7, 0], "texture": "#0"},
				"south": {"uv": [0, 0, 8, 0], "texture": "#0"},
				"west": {"uv": [0, 0, 7, 0], "texture": "#0"},
				"up": {"uv": [9.5, 6.5, 0, 0], "rotation": 270, "texture": "#0"},
				"down": {"uv": [9.5, 0, 0, 6.5], "rotation": 90, "texture": "#0"}
			}
		},
		{
			"name": "feuille2",
			"from": [-1, 0, 5],
			"to": [8, 0, 13],
			"rotation": {"angle": -45, "axis": "z", "origin": [8, 0, 5]},
			"faces": {
				"north": {"uv": [0, 0, 7, 0], "texture": "#1"},
				"east": {"uv": [0, 0, 6, 0], "texture": "#1"},
				"south": {"uv": [0, 0, 7, 0], "texture": "#1"},
				"west": {"uv": [0, 0, 6, 0], "texture": "#1"},
				"up": {"uv": [16, 13.5, 0, 0], "texture": "#1"},
				"down": {"uv": [16, 0, 0, 13.5], "texture": "#1"}
			}
		},
		{
			"name": "feuille3",
			"from": [10, 0, 5],
			"to": [10, 9, 13],
			"rotation": {"angle": -45, "axis": "z", "origin": [10, 0, 5]},
			"faces": {
				"north": {"uv": [0, 0, 7, 0], "rotation": 270, "texture": "#1"},
				"east": {"uv": [16, 13.5, 0, 0], "rotation": 90, "texture": "#1"},
				"south": {"uv": [0, 0, 7, 0], "rotation": 90, "texture": "#1"},
				"west": {"uv": [16, 0, 0, 13.5], "rotation": 90, "texture": "#1"},
				"up": {"uv": [0, 0, 6, 0], "rotation": 90, "texture": "#1"},
				"down": {"uv": [0, 0, 6, 0], "rotation": 90, "texture": "#1"}
			}
		},
		{
			"name": "feuille3",
			"from": [5, 0, -2],
			"to": [13, 0, 7],
			"rotation": {"angle": 45, "axis": "x", "origin": [10, 0, 7]},
			"faces": {
				"north": {"uv": [0, 0, 6, 0], "texture": "#1"},
				"east": {"uv": [0, 0, 7, 0], "texture": "#1"},
				"south": {"uv": [0, 0, 6, 0], "texture": "#1"},
				"west": {"uv": [0, 0, 7, 0], "texture": "#1"},
				"up": {"uv": [16, 13.5, 0, 0], "rotation": 90, "texture": "#1"},
				"down": {"uv": [16, 0, 0, 13.5], "rotation": 270, "texture": "#1"}
			}
		},
		{
			"name": "feuille4",
			"from": [5, 0, 10],
			"to": [13, 0, 19],
			"rotation": {"angle": -45, "axis": "x", "origin": [10, 0, 10]},
			"faces": {
				"north": {"uv": [0, 0, 6, 0], "texture": "#1"},
				"east": {"uv": [0, 0, 7, 0], "texture": "#1"},
				"south": {"uv": [0, 0, 6, 0], "texture": "#1"},
				"west": {"uv": [0, 0, 7, 0], "texture": "#1"},
				"up": {"uv": [16, 13.5, 0, 0], "rotation": 270, "texture": "#1"},
				"down": {"uv": [16, 0, 0, 13.5], "rotation": 90, "texture": "#1"}
			}
		}
	],
	"groups": [
		{
			"name": "feuille",
			"origin": [7, 5, 15],
			"color": 0,
			"children": [0, 1, 2]
		},
		{
			"name": "feuille",
			"origin": [7, 5, 15],
			"color": 0,
			"children": [3, 4, 5]
		},
		{
			"name": "feuille",
			"origin": [7, 5, 15],
			"color": 0,
			"children": [6, 7, 8]
		},
		{
			"name": "feuille",
			"origin": [7, 5, 15],
			"color": 0,
			"children": [9, 10, 11]
		},
		{
			"name": "feuille bas",
			"origin": [10, 0, 10],
			"color": 0,
			"children": [12, 13, 14, 15]
		}
	]
}