{
	"credit": "Made with Blockbench",
	"textures": {
		"0": "block/pied_table",
		"1": "block/planche_table",
		"2": "block/side",
		"3": "block/corner",
		"4": "block/side2",
		"5": "block/side3",
		"particle": "block/pied_table"
	},
	"elements": [
		{
			"from": [0, 15, 16],
			"to": [16, 16, 24],
			"faces": {
				"north": {"uv": [0, 8, 8, 8.5], "texture": "#2"},
				"east": {"uv": [8, 0.5, 12, 1], "texture": "#2"},
				"south": {"uv": [8, 0, 16, 0.5], "texture": "#2"},
				"west": {"uv": [8, 1, 12, 1.5], "texture": "#2"},
				"up": {"uv": [8, 4, 0, 0], "texture": "#2"},
				"down": {"uv": [8, 4, 0, 8], "texture": "#2"}
			}
		},
		{
			"from": [16, 15, 0],
			"to": [24, 16, 16],
			"faces": {
				"north": {"uv": [8, 0.5, 12, 1], "texture": "#2"},
				"east": {"uv": [8, 0, 16, 0.5], "texture": "#2"},
				"south": {"uv": [8, 1, 12, 1.5], "texture": "#2"},
				"west": {"uv": [0, 8, 8, 8.5], "texture": "#2"},
				"up": {"uv": [8, 4, 0, 0], "rotation": 270, "texture": "#2"},
				"down": {"uv": [8, 4, 0, 8], "rotation": 90, "texture": "#2"}
			}
		},
		{
			"from": [0, 15, -8],
			"to": [16, 16, 0],
			"faces": {
				"north": {"uv": [8, 0, 16, 0.5], "texture": "#2"},
				"east": {"uv": [8, 1, 12, 1.5], "texture": "#2"},
				"south": {"uv": [0, 8, 8, 8.5], "texture": "#2"},
				"west": {"uv": [8, 0.5, 12, 1], "texture": "#2"},
				"up": {"uv": [8, 4, 0, 0], "rotation": 180, "texture": "#2"},
				"down": {"uv": [8, 4, 0, 8], "rotation": 180, "texture": "#2"}
			}
		},
		{
			"from": [-8, 15, 0],
			"to": [0, 16, 16],
			"faces": {
				"north": {"uv": [8, 1, 12, 1.5], "texture": "#2"},
				"east": {"uv": [0, 8, 8, 8.5], "texture": "#2"},
				"south": {"uv": [8, 0.5, 12, 1], "texture": "#2"},
				"west": {"uv": [8, 0, 16, 0.5], "texture": "#2"},
				"up": {"uv": [8, 4, 0, 0], "rotation": 90, "texture": "#2"},
				"down": {"uv": [8, 4, 0, 8], "rotation": 270, "texture": "#2"}
			}
		},
		{
			"from": [0, 15, -8],
			"to": [16, 16, 0],
			"faces": {
				"north": {"uv": [8, 0, 16, 0.5], "texture": "#2"},
				"east": {"uv": [8, 1, 12, 1.5], "texture": "#2"},
				"south": {"uv": [0, 8, 8, 8.5], "texture": "#2"},
				"west": {"uv": [8, 0.5, 12, 1], "texture": "#2"},
				"up": {"uv": [8, 4, 0, 0], "rotation": 180, "texture": "#2"},
				"down": {"uv": [8, 4, 0, 8], "rotation": 180, "texture": "#2"}
			}
		},
		{
			"from": [0, 15, 0],
			"to": [16, 16, 16],
			"faces": {
				"north": {"uv": [8, 4, 16, 3.5], "texture": "#1"},
				"east": {"uv": [8, 3, 16, 3.5], "texture": "#1"},
				"south": {"uv": [8, 2.5, 16, 3], "texture": "#1"},
				"west": {"uv": [8, 2, 16, 2.5], "texture": "#1"},
				"up": {"uv": [0, 0, 8, 8], "texture": "#1"},
				"down": {"uv": [0.5, 8.5, 7.5, 15.5], "texture": "#1"}
			}
		},
		{
			"from": [-5, 15, -5],
			"to": [0, 16, 0],
			"faces": {
				"north": {"uv": [5, 0, 10, 1], "texture": "#3"},
				"east": {"uv": [5, 1, 10, 2], "texture": "#3"},
				"south": {"uv": [5, 2, 10, 3], "texture": "#3"},
				"west": {"uv": [5, 3, 10, 4], "texture": "#3"},
				"up": {"uv": [5, 5, 0, 0], "texture": "#3"},
				"down": {"uv": [5, 5, 0, 10], "texture": "#3"}
			}
		},
		{
			"from": [-5, 15, 16],
			"to": [0, 16, 21],
			"faces": {
				"north": {"uv": [5, 1, 10, 2], "texture": "#3"},
				"east": {"uv": [5, 2, 10, 3], "texture": "#3"},
				"south": {"uv": [5, 3, 10, 4], "texture": "#3"},
				"west": {"uv": [5, 0, 10, 1], "texture": "#3"},
				"up": {"uv": [5, 5, 0, 0], "rotation": 270, "texture": "#3"},
				"down": {"uv": [5, 5, 0, 10], "rotation": 90, "texture": "#3"}
			}
		},
		{
			"from": [16, 15, 16],
			"to": [21, 16, 21],
			"rotation": {"angle": 0, "axis": "y", "origin": [16, 0, 16]},
			"faces": {
				"north": {"uv": [5, 2, 10, 3], "texture": "#3"},
				"east": {"uv": [5, 3, 10, 4], "texture": "#3"},
				"south": {"uv": [5, 0, 10, 1], "texture": "#3"},
				"west": {"uv": [5, 1, 10, 2], "texture": "#3"},
				"up": {"uv": [5, 5, 0, 0], "rotation": 180, "texture": "#3"},
				"down": {"uv": [5, 5, 0, 10], "rotation": 180, "texture": "#3"}
			}
		},
		{
			"from": [16, 15, -5],
			"to": [21, 16, 0],
			"rotation": {"angle": 0, "axis": "y", "origin": [16, 0, -2]},
			"faces": {
				"north": {"uv": [5, 3, 10, 4], "texture": "#3"},
				"east": {"uv": [5, 0, 10, 1], "texture": "#3"},
				"south": {"uv": [5, 1, 10, 2], "texture": "#3"},
				"west": {"uv": [5, 2, 10, 3], "texture": "#3"},
				"up": {"uv": [5, 5, 0, 0], "rotation": 90, "texture": "#3"},
				"down": {"uv": [5, 5, 0, 10], "rotation": 270, "texture": "#3"}
			}
		},
		{
			"from": [-3, 15, -7],
			"to": [0, 16, -5],
			"faces": {
				"north": {"uv": [3, 0, 6, 1], "texture": "#5"},
				"east": {"uv": [3, 2, 5, 3], "texture": "#5"},
				"south": {"uv": [3, 1, 6, 2], "texture": "#5"},
				"west": {"uv": [3, 3, 5, 4], "texture": "#5"},
				"up": {"uv": [3, 2, 0, 0], "texture": "#5"},
				"down": {"uv": [3, 2, 0, 4], "texture": "#5"}
			}
		},
		{
			"from": [-7, 15, 16],
			"to": [-5, 16, 19],
			"faces": {
				"north": {"uv": [3, 2, 5, 3], "texture": "#5"},
				"east": {"uv": [3, 1, 6, 2], "texture": "#5"},
				"south": {"uv": [3, 3, 5, 4], "texture": "#5"},
				"west": {"uv": [3, 0, 6, 1], "texture": "#5"},
				"up": {"uv": [3, 2, 0, 0], "rotation": 270, "texture": "#5"},
				"down": {"uv": [3, 2, 0, 4], "rotation": 90, "texture": "#5"}
			}
		},
		{
			"from": [16, 15, 21],
			"to": [19, 16, 23],
			"faces": {
				"north": {"uv": [3, 1, 6, 2], "texture": "#5"},
				"east": {"uv": [3, 3, 5, 4], "texture": "#5"},
				"south": {"uv": [3, 0, 6, 1], "texture": "#5"},
				"west": {"uv": [3, 2, 5, 3], "texture": "#5"},
				"up": {"uv": [3, 2, 0, 0], "rotation": 180, "texture": "#5"},
				"down": {"uv": [3, 2, 0, 4], "rotation": 180, "texture": "#5"}
			}
		},
		{
			"from": [21, 15, -3],
			"to": [23, 16, 0],
			"faces": {
				"north": {"uv": [3, 3, 5, 4], "texture": "#5"},
				"east": {"uv": [3, 0, 6, 1], "texture": "#5"},
				"south": {"uv": [3, 2, 5, 3], "texture": "#5"},
				"west": {"uv": [3, 1, 6, 2], "texture": "#5"},
				"up": {"uv": [3, 2, 0, 0], "rotation": 90, "texture": "#5"},
				"down": {"uv": [3, 2, 0, 4], "rotation": 270, "texture": "#5"}
			}
		},
		{
			"from": [16, 15, -7],
			"to": [19, 16, -5],
			"faces": {
				"north": {"uv": [3, 0, 6, 1], "texture": "#4"},
				"east": {"uv": [3, 2, 5, 3], "texture": "#4"},
				"south": {"uv": [3, 1, 6, 2], "texture": "#4"},
				"west": {"uv": [3, 3, 5, 4], "texture": "#4"},
				"up": {"uv": [3, 2, 0, 0], "texture": "#4"},
				"down": {"uv": [3, 2, 0, 4], "texture": "#4"}
			}
		},
		{
			"from": [21, 15, 16],
			"to": [23, 16, 19],
			"rotation": {"angle": 0, "axis": "y", "origin": [16, 0, 17]},
			"faces": {
				"north": {"uv": [3, 3, 5, 4], "texture": "#4"},
				"east": {"uv": [3, 0, 6, 1], "texture": "#4"},
				"south": {"uv": [3, 2, 5, 3], "texture": "#4"},
				"west": {"uv": [3, 1, 6, 2], "texture": "#4"},
				"up": {"uv": [3, 2, 0, 0], "rotation": 90, "texture": "#4"},
				"down": {"uv": [3, 2, 0, 4], "rotation": 270, "texture": "#4"}
			}
		},
		{
			"from": [-3, 15, 21],
			"to": [0, 16, 23],
			"rotation": {"angle": 0, "axis": "y", "origin": [16, 0, 17]},
			"faces": {
				"north": {"uv": [3, 1, 6, 2], "texture": "#4"},
				"east": {"uv": [3, 3, 5, 4], "texture": "#4"},
				"south": {"uv": [3, 0, 6, 1], "texture": "#4"},
				"west": {"uv": [3, 2, 5, 3], "texture": "#4"},
				"up": {"uv": [3, 2, 0, 0], "rotation": 180, "texture": "#4"},
				"down": {"uv": [3, 2, 0, 4], "rotation": 180, "texture": "#4"}
			}
		},
		{
			"from": [-7, 15, -3],
			"to": [-5, 16, 0],
			"rotation": {"angle": 0, "axis": "y", "origin": [16, 0, 17]},
			"faces": {
				"north": {"uv": [3, 2, 5, 3], "texture": "#4"},
				"east": {"uv": [3, 1, 6, 2], "texture": "#4"},
				"south": {"uv": [3, 3, 5, 4], "texture": "#4"},
				"west": {"uv": [3, 0, 6, 1], "texture": "#4"},
				"up": {"uv": [3, 2, 0, 0], "rotation": 270, "texture": "#4"},
				"down": {"uv": [3, 2, 0, 4], "rotation": 90, "texture": "#4"}
			}
		},
		{
			"from": [3, 15, 24],
			"to": [13, 16, 25],
			"faces": {
				"north": {"uv": [6.5, 0, 8, 0.5], "texture": "#2"},
				"east": {"uv": [6.5, 0, 8, 0.5], "texture": "#2"},
				"south": {"uv": [6.5, 0, 8, 0.5], "texture": "#2"},
				"west": {"uv": [6.5, 0, 8, 0.5], "texture": "#2"},
				"up": {"uv": [6.5, 0, 8, 0.5], "texture": "#2"},
				"down": {"uv": [6.5, 0, 8, 0.5], "texture": "#2"}
			}
		},
		{
			"from": [3, 15, -9],
			"to": [13, 16, -8],
			"faces": {
				"north": {"uv": [6.5, 0, 8, 0.5], "texture": "#2"},
				"east": {"uv": [6.5, 0, 8, 0.5], "texture": "#2"},
				"south": {"uv": [6.5, 0, 8, 0.5], "texture": "#2"},
				"west": {"uv": [6.5, 0, 8, 0.5], "texture": "#2"},
				"up": {"uv": [6.5, 0, 8, 0.5], "texture": "#2"},
				"down": {"uv": [6.5, 0, 8, 0.5], "texture": "#2"}
			}
		},
		{
			"from": [-9, 15, 3],
			"to": [-8, 16, 13],
			"faces": {
				"north": {"uv": [6.5, 0, 8, 0.5], "texture": "#2"},
				"east": {"uv": [6.5, 0, 8, 0.5], "texture": "#2"},
				"south": {"uv": [6.5, 0, 8, 0.5], "texture": "#2"},
				"west": {"uv": [6.5, 0, 8, 0.5], "texture": "#2"},
				"up": {"uv": [6.5, 0, 8, 0.5], "rotation": 90, "texture": "#2"},
				"down": {"uv": [6.5, 0, 8, 0.5], "rotation": 270, "texture": "#2"}
			}
		},
		{
			"from": [24, 15, 3],
			"to": [25, 16, 13],
			"faces": {
				"north": {"uv": [6.5, 0, 8, 0.5], "texture": "#2"},
				"east": {"uv": [6.5, 0, 8, 0.5], "texture": "#2"},
				"south": {"uv": [6.5, 0, 8, 0.5], "texture": "#2"},
				"west": {"uv": [6.5, 0, 8, 0.5], "texture": "#2"},
				"up": {"uv": [6.5, 0, 8, 0.5], "rotation": 90, "texture": "#2"},
				"down": {"uv": [6.5, 0, 8, 0.5], "rotation": 270, "texture": "#2"}
			}
		},
		{
			"from": [-1, 0, 15],
			"to": [1, 14, 17],
			"faces": {
				"north": {"uv": [2, 0, 4, 16], "texture": "#0"},
				"east": {"uv": [4, 0, 6, 16], "texture": "#0"},
				"south": {"uv": [6, 0, 8, 16], "texture": "#0"},
				"west": {"uv": [0, 0, 2, 16], "texture": "#0"},
				"up": {"uv": [8, 0, 10, 2], "texture": "#0"},
				"down": {"uv": [8, 2, 10, 4], "texture": "#0"}
			}
		},
		{
			"from": [-1, 0, -1],
			"to": [1, 14, 1],
			"faces": {
				"north": {"uv": [0, 0, 2, 16], "texture": "#0"},
				"east": {"uv": [6, 0, 8, 16], "texture": "#0"},
				"south": {"uv": [4, 0, 6, 16], "texture": "#0"},
				"west": {"uv": [2, 0, 4, 16], "texture": "#0"},
				"up": {"uv": [8, 0, 10, 2], "texture": "#0"},
				"down": {"uv": [8, 2, 10, 4], "texture": "#0"}
			}
		},
		{
			"from": [-2, 14, -2],
			"to": [2, 15, 2],
			"faces": {
				"north": {"uv": [0, 14, 4, 15], "texture": "#0"},
				"east": {"uv": [4, 14, 8, 15], "texture": "#0"},
				"south": {"uv": [0, 14, 4, 15], "texture": "#0"},
				"west": {"uv": [4, 0, 8, 1], "texture": "#0"},
				"up": {"uv": [8, 0, 10, 2], "texture": "#0"},
				"down": {"uv": [8, 2, 10, 4], "texture": "#0"}
			}
		},
		{
			"from": [-2, 14, 14],
			"to": [2, 15, 18],
			"faces": {
				"north": {"uv": [0, 14, 4, 15], "texture": "#0"},
				"east": {"uv": [4, 0, 8, 1], "texture": "#0"},
				"south": {"uv": [4, 14, 8, 15], "texture": "#0"},
				"west": {"uv": [0, 0, 4, 1], "texture": "#0"},
				"up": {"uv": [8, 2, 10, 4], "texture": "#0"},
				"down": {"uv": [8, 0, 10, 2], "texture": "#0"}
			}
		},
		{
			"from": [15, 0, 15],
			"to": [17, 14, 17],
			"faces": {
				"north": {"uv": [2, 0, 4, 16], "texture": "#0"},
				"east": {"uv": [6, 0, 8, 16], "texture": "#0"},
				"south": {"uv": [4, 0, 6, 16], "texture": "#0"},
				"west": {"uv": [0, 0, 2, 16], "texture": "#0"},
				"up": {"uv": [8, 0, 10, 2], "texture": "#0"},
				"down": {"uv": [8, 2, 10, 4], "texture": "#0"}
			}
		},
		{
			"from": [14, 14, 14],
			"to": [18, 15, 18],
			"faces": {
				"north": {"uv": [0, 0, 4, 1], "texture": "#0"},
				"east": {"uv": [4, 14, 8, 15], "texture": "#0"},
				"south": {"uv": [4, 0, 8, 1], "texture": "#0"},
				"west": {"uv": [0, 14, 4, 15], "texture": "#0"},
				"up": {"uv": [8, 0, 10, 2], "texture": "#0"},
				"down": {"uv": [8, 2, 10, 4], "texture": "#0"}
			}
		},
		{
			"from": [15, 0, -1],
			"to": [17, 14, 1],
			"faces": {
				"north": {"uv": [0, 0, 2, 16], "texture": "#0"},
				"east": {"uv": [2, 0, 4, 16], "texture": "#0"},
				"south": {"uv": [4, 0, 6, 16], "texture": "#0"},
				"west": {"uv": [6, 0, 8, 16], "texture": "#0"},
				"up": {"uv": [8, 0, 10, 2], "texture": "#0"},
				"down": {"uv": [8, 2, 10, 4], "texture": "#0"}
			}
		},
		{
			"from": [14, 14, -2],
			"to": [18, 15, 2],
			"faces": {
				"north": {"uv": [0, 15, 4, 16], "texture": "#0"},
				"east": {"uv": [0, 0, 4, 1], "texture": "#0"},
				"south": {"uv": [4, 0, 8, 1], "texture": "#0"},
				"west": {"uv": [4, 15, 8, 16], "texture": "#0"},
				"up": {"uv": [8, 0, 10, 2], "texture": "#0"},
				"down": {"uv": [8, 2, 10, 4], "texture": "#0"}
			}
		}
	],
	"display": {
		"thirdperson_righthand": {
			"scale": [0.2, 0.2, 0.2]
		},
		"thirdperson_lefthand": {
			"scale": [0.2, 0.2, 0.2]
		},
		"gui": {
			"rotation": [45, 45, 0],
			"translation": [0, -1.5, 0],
			"scale": [0.4, 0.4, 0.4]
		},
		"fixed": {
			"rotation": [-90, 0, 0],
			"translation": [0, 0, -15],
			"scale": [2, 2, 2]
		}
	},
	"groups": [
		{
			"name": "Table",
			"origin": [0, 0, 0],
			"color": 0,
			"children": [0, 1, 2, 3, 4, 5, 6, 7, 8, 9, 10, 11, 12, 13, 14, 15, 16, 17, 18, 19, 20, 21]
		},
		{
			"name": "Pieds",
			"origin": [0, 0, 0],
			"color": 0,
			"children": [22, 23, 24, 25, 26, 27, 28, 29]
		}
	]
}