{
	"credit": "Made with Blockbench",
	"textures": {
		"0": "block/pied",
		"1": "block/planche",
		"2": "block/dossier",
		"particle": "block/pied"
	},
	"elements": [
		{
			"from": [14, 0, 14],
			"to": [16, 11, 16],
			"rotation": {"angle": 0, "axis": "y", "origin": [8, 0, 8]},
			"faces": {
				"north": {"uv": [0, 0, 2, 13], "texture": "#0"},
				"east": {"uv": [4, 0, 6, 13], "texture": "#0"},
				"south": {"uv": [2, 0, 4, 13], "texture": "#0"},
				"west": {"uv": [6, 0, 8, 13], "texture": "#0"},
				"up": {"uv": [8, 0, 10, 2], "rotation": 180, "texture": "#0"},
				"down": {"uv": [8, 2, 10, 4], "rotation": 180, "texture": "#0"}
			}
		},
		{
			"from": [0, 0, 14],
			"to": [2, 11, 16],
			"rotation": {"angle": 0, "axis": "y", "origin": [8, 0, 8]},
			"faces": {
				"north": {"uv": [4, 0, 6, 13], "texture": "#0"},
				"east": {"uv": [6, 0, 8, 13], "texture": "#0"},
				"south": {"uv": [2, 0, 4, 13], "texture": "#0"},
				"west": {"uv": [0, 0, 2, 13], "texture": "#0"},
				"up": {"uv": [8, 0, 10, 2], "rotation": 180, "texture": "#0"},
				"down": {"uv": [8, 2, 10, 4], "rotation": 180, "texture": "#0"}
			}
		},
		{
			"from": [0, 0, 0],
			"to": [2, 11, 2],
			"rotation": {"angle": 0, "axis": "y", "origin": [8, 0, 8]},
			"faces": {
				"north": {"uv": [4, 0, 6, 13], "texture": "#0"},
				"east": {"uv": [6, 0, 8, 13], "texture": "#0"},
				"south": {"uv": [0, 0, 2, 13], "texture": "#0"},
				"west": {"uv": [2, 0, 4, 13], "texture": "#0"},
				"up": {"uv": [10, 2, 8, 0], "rotation": 180, "texture": "#0"},
				"down": {"uv": [10, 2, 8, 4], "rotation": 180, "texture": "#0"}
			}
		},
		{
			"from": [14, 0, 0],
			"to": [16, 11, 2],
			"rotation": {"angle": 0, "axis": "y", "origin": [8, 0, 8]},
			"faces": {
				"north": {"uv": [2, 0, 4, 13], "texture": "#0"},
				"east": {"uv": [4, 0, 6, 13], "texture": "#0"},
				"south": {"uv": [0, 0, 2, 13], "texture": "#0"},
				"west": {"uv": [6, 0, 8, 13], "texture": "#0"},
				"up": {"uv": [8, 0, 10, 2], "rotation": 180, "texture": "#0"},
				"down": {"uv": [8, 2, 10, 4], "rotation": 180, "texture": "#0"}
			}
		},
		{
			"from": [14, 13, 0],
			"to": [16, 26, 2],
			"rotation": {"angle": 0, "axis": "y", "origin": [8, 0, 8]},
			"faces": {
				"north": {"uv": [0, 0, 2, 13], "texture": "#0"},
				"east": {"uv": [2, 0, 4, 13], "texture": "#0"},
				"south": {"uv": [6, 0, 8, 13], "texture": "#0"},
				"west": {"uv": [4, 0, 6, 13], "texture": "#0"},
				"up": {"uv": [6, 1, 8, 3], "rotation": 180, "texture": "#0"},
				"down": {"uv": [8, 2, 10, 4], "rotation": 180, "texture": "#0"}
			}
		},
		{
			"from": [14, 13, 14],
			"to": [16, 26, 16],
			"rotation": {"angle": 0, "axis": "y", "origin": [8, 0, 8]},
			"faces": {
				"north": {"uv": [4, 0, 6, 13], "texture": "#0"},
				"east": {"uv": [6, 0, 8, 13], "texture": "#0"},
				"south": {"uv": [0, 0, 2, 13], "texture": "#0"},
				"west": {"uv": [2, 0, 4, 13], "texture": "#0"},
				"up": {"uv": [2, 1, 4, 3], "rotation": 180, "texture": "#0"},
				"down": {"uv": [8, 0, 10, 2], "rotation": 180, "texture": "#0"}
			}
		},
		{
			"from": [0, 11, 0],
			"to": [16, 13, 16],
			"rotation": {"angle": 0, "axis": "y", "origin": [8, 0, 8]},
			"faces": {
				"north": {"uv": [8, 2, 16, 3], "texture": "#1"},
				"east": {"uv": [8, 3, 16, 4], "texture": "#1"},
				"south": {"uv": [8, 0, 16, 1], "texture": "#1"},
				"west": {"uv": [8, 1, 16, 2], "texture": "#1"},
				"up": {"uv": [8, 8, 0, 0], "rotation": 180, "texture": "#1"},
				"down": {"uv": [8, 8, 0, 16], "rotation": 180, "texture": "#1"}
			}
		},
		{
			"from": [15, 22, 2],
			"to": [16, 24, 14],
			"rotation": {"angle": 0, "axis": "y", "origin": [8, 0, 8]},
			"faces": {
				"north": {"uv": [3, 4, 4, 6], "texture": "#2"},
				"east": {"uv": [0, 0, 12, 2], "texture": "#2"},
				"south": {"uv": [2, 4, 3, 6], "texture": "#2"},
				"west": {"uv": [0, 0, 12, 2], "texture": "#2"},
				"up": {"uv": [0, 4, 1, 16], "rotation": 180, "texture": "#2"},
				"down": {"uv": [2, 4, 1, 16], "rotation": 180, "texture": "#2"}
			}
		},
		{
			"from": [15, 18, 2],
			"to": [16, 20, 14],
			"rotation": {"angle": 0, "axis": "y", "origin": [8, 0, 8]},
			"faces": {
				"north": {"uv": [3, 4, 4, 6], "texture": "#2"},
				"east": {"uv": [0, 2, 12, 4], "texture": "#2"},
				"south": {"uv": [2, 4, 3, 6], "texture": "#2"},
				"west": {"uv": [0, 0, 12, 2], "texture": "#2"},
				"up": {"uv": [2, 16, 1, 4], "rotation": 180, "texture": "#2"},
				"down": {"uv": [1, 4, 0, 16], "rotation": 180, "texture": "#2"}
			}
		},
		{
			"from": [15, 14, 2],
			"to": [16, 16, 14],
			"rotation": {"angle": 0, "axis": "y", "origin": [8, 0, 8]},
			"faces": {
				"north": {"uv": [3, 4, 4, 6], "texture": "#2"},
				"east": {"uv": [0, 0, 12, 2], "texture": "#2"},
				"south": {"uv": [2, 4, 3, 6], "texture": "#2"},
				"west": {"uv": [0, 2, 12, 4], "texture": "#2"},
				"up": {"uv": [1, 16, 0, 4], "rotation": 180, "texture": "#2"},
				"down": {"uv": [2, 4, 1, 16], "rotation": 180, "texture": "#2"}
			}
		}
	],
	"display": {
		"thirdperson_righthand": {
			"scale": [0.25, 0.25, 0.25]
		},
		"gui": {
			"rotation": [45, 45, 0],
			"translation": [0, -1.8, 0],
			"scale": [0.4, 0.4, 0.4]
		},
		"fixed": {
			"rotation": [-90, 0, 0],
			"translation": [0, 0, -15],
			"scale": [2, 2, 2]
		}
	}
}