{
	"credit": "Made with Blockbench",
	"texture_size": [128, 128],
	"textures": {
		"0": "block/book_case",
		"particle": "block/book_case"
	},
	"elements": [
		{
			"from": [0, 0, 1],
			"to": [1, 16, 15],
			"faces": {
				"north": {"uv": [5.25, 0, 5.375, 2], "texture": "#0"},
				"east": {"uv": [3.625, 0, 5.375, 2], "texture": "#0"},
				"south": {"uv": [5.25, 0, 5.375, 2], "texture": "#0"},
				"west": {"uv": [3.625, 0, 5.375, 2], "texture": "#0"},
				"up": {"uv": [5.375, 1.75, 5.25, 0], "texture": "#0"},
				"down": {"uv": [5.375, 0, 5.25, 1.75], "texture": "#0"}
			}
		},
		{
			"from": [15, 0, 1],
			"to": [16, 16, 15],
			"faces": {
				"north": {"uv": [5.25, 0, 5.375, 2], "texture": "#0"},
				"east": {"uv": [3.625, 0, 5.375, 2], "texture": "#0"},
				"south": {"uv": [5.25, 0, 5.375, 2], "texture": "#0"},
				"west": {"uv": [3.625, 0, 5.375, 2], "texture": "#0"},
				"up": {"uv": [5.375, 1.75, 5.25, 0], "texture": "#0"},
				"down": {"uv": [5.375, 0, 5.25, 1.75], "texture": "#0"}
			}
		},
		{
			"from": [1, 6, 1],
			"to": [15, 7, 15],
			"faces": {
				"north": {"uv": [5.5, 1.875, 7.25, 2], "texture": "#0"},
				"east": {"uv": [0, 3.5, 1.75, 3.625], "texture": "#0"},
				"south": {"uv": [5.5, 0, 7.25, 0.125], "texture": "#0"},
				"west": {"uv": [0, 3.5, 1.75, 3.625], "texture": "#0"},
				"up": {"uv": [7.25, 1.875, 5.5, 0.125], "texture": "#0"},
				"down": {"uv": [7.25, 0.125, 5.5, 1.875], "texture": "#0"}
			}
		},
		{
			"from": [1, 0, 7],
			"to": [15, 14, 9],
			"faces": {
				"north": {"uv": [0, 0, 1.75, 3.5], "texture": "#0"},
				"east": {"uv": [0, 3.5, 0.25, 7], "texture": "#0"},
				"south": {"uv": [1.75, 0, 3.5, 3.5], "texture": "#0"},
				"west": {"uv": [0, 3.5, 0.25, 7], "texture": "#0"},
				"up": {"uv": [3.5, 0.25, 1.75, 0], "texture": "#0"},
				"down": {"uv": [1.75, 3.5, 0, 3.75], "texture": "#0"}
			}
		}
	],
	"display": {
		"thirdperson_righthand": {
			"scale": [0.3, 0.3, 0.3]
		},
		"thirdperson_lefthand": {
			"scale": [0.3, 0.3, 0.3]
		},
		"firstperson_righthand": {
			"scale": [0.3, 0.3, 0.3]
		},
		"firstperson_lefthand": {
			"scale": [0.3, 0.3, 0.3]
		},
		"ground": {
			"translation": [0, 0.75, 0],
			"scale": [0.3, 0.3, 0.3]
		},
		"gui": {
			"rotation": [36, 28, 0],
			"translation": [0, -3, 0],
			"scale": [0.45, 0.45, 0.45]
		},
		"fixed": {
			"rotation": [-90, 0, 0],
			"translation": [0, 0, -16],
			"scale": [2, 2, 2]
		}
	}
}