{
	"credit": "Made with Blockbench",
	"textures": {
		"0": "block/quartz_bricks",
		"1": "block/lum1",
		"2": "block/lum2",
		"3": "block/cadre",
		"particle": "block/quartz_bricks"
	},
	"elements": [
		{
			"name": "fond",
			"from": [0, 0, 0],
			"to": [16, 16, 16],
			"faces": {
				"north": {"uv": [0, 0, 16, 16], "texture": "#0"},
				"east": {"uv": [0, 0, 16, 16], "texture": "#0"},
				"south": {"uv": [0, 0, 16, 16], "texture": "#0"},
				"west": {"uv": [0, 0, 16, 16], "texture": "#0"},
				"up": {"uv": [0, 0, 16, 16], "texture": "#0"},
				"down": {"uv": [0, 0, 16, 16], "texture": "#0"}
			}
		},
		{
			"from": [4, 13, -1],
			"to": [12, 14, 0],
			"faces": {
				"north": {"uv": [0, 0, 8, 1], "texture": "#2"},
				"east": {"uv": [0, 0, 8, 1], "texture": "#2"},
				"south": {"uv": [0, 0, 8, 1], "texture": "#2"},
				"west": {"uv": [0, 0, 8, 1], "texture": "#2"},
				"up": {"uv": [8, 1, 0, 0], "texture": "#2"},
				"down": {"uv": [8, 0, 0, 1], "texture": "#2"}
			}
		},
		{
			"from": [3, 3, -1],
			"to": [13, 13, 0],
			"faces": {
				"north": {"uv": [0, 0, 5, 5], "texture": "#1"},
				"east": {"uv": [0, 0, 5, 5], "texture": "#1"},
				"south": {"uv": [0, 0, 5, 5], "texture": "#1"},
				"west": {"uv": [0, 0, 5, 5], "texture": "#1"},
				"up": {"uv": [5, 5, 0, 0], "texture": "#1"},
				"down": {"uv": [5, 0, 0, 5], "texture": "#1"}
			}
		},
		{
			"from": [2, 4, -1],
			"to": [3, 12, 0],
			"faces": {
				"north": {"uv": [0, 0, 1, 8], "texture": "#2"},
				"east": {"uv": [0, 0, 1, 8], "texture": "#missing"},
				"south": {"uv": [0, 0, 8, 1], "texture": "#2"},
				"west": {"uv": [0, 0, 1, 8], "texture": "#missing"},
				"up": {"uv": [0, 0, 1, 1], "texture": "#missing"},
				"down": {"uv": [0, 0, 1, 1], "texture": "#missing"}
			}
		},
		{
			"from": [13, 4, -1],
			"to": [14, 12, 0],
			"faces": {
				"north": {"uv": [0, 0, 1, 8], "texture": "#2"},
				"east": {"uv": [0, 0, 1, 8], "texture": "#missing"},
				"south": {"uv": [0, 0, 8, 1], "texture": "#2"},
				"west": {"uv": [0, 0, 1, 8], "texture": "#missing"},
				"up": {"uv": [0, 0, 1, 1], "texture": "#missing"},
				"down": {"uv": [0, 0, 1, 1], "texture": "#missing"}
			}
		},
		{
			"from": [4, 2, -1],
			"to": [12, 3, 0],
			"faces": {
				"north": {"uv": [0, 0, 8, 1], "texture": "#2"},
				"east": {"uv": [0, 0, 1, 1], "texture": "#missing"},
				"south": {"uv": [0, 0, 8, 1], "texture": "#2"},
				"west": {"uv": [0, 0, 1, 1], "texture": "#missing"},
				"up": {"uv": [0, 0, 8, 1], "texture": "#missing"},
				"down": {"uv": [0, 0, 8, 1], "texture": "#missing"}
			}
		},
		{
			"from": [1, 4, -2],
			"to": [2, 12, 0],
			"faces": {
				"north": {"uv": [0, 0, 1, 8], "texture": "#3"},
				"east": {"uv": [0, 0, 2, 8], "texture": "#3"},
				"south": {"uv": [0, 0, 1, 8], "texture": "#3"},
				"west": {"uv": [0, 0, 2, 8], "texture": "#3"},
				"up": {"uv": [0, 0, 1, 2], "texture": "#3"},
				"down": {"uv": [0, 0, 1, 2], "texture": "#3"}
			}
		},
		{
			"from": [14, 4, -2],
			"to": [15, 12, 0],
			"faces": {
				"north": {"uv": [0, 0, 1, 8], "texture": "#3"},
				"east": {"uv": [0, 0, 2, 8], "texture": "#3"},
				"south": {"uv": [0, 0, 1, 8], "texture": "#3"},
				"west": {"uv": [0, 0, 2, 8], "texture": "#3"},
				"up": {"uv": [0, 0, 1, 2], "texture": "#3"},
				"down": {"uv": [0, 0, 1, 2], "texture": "#3"}
			}
		},
		{
			"from": [4, 1, -2],
			"to": [12, 2, 0],
			"faces": {
				"north": {"uv": [0, 0, 8, 1], "texture": "#3"},
				"east": {"uv": [0, 0, 2, 1], "texture": "#3"},
				"south": {"uv": [0, 0, 8, 1], "texture": "#3"},
				"west": {"uv": [0, 0, 2, 1], "texture": "#3"},
				"up": {"uv": [0, 0, 8, 2], "texture": "#3"},
				"down": {"uv": [0, 0, 8, 2], "texture": "#3"}
			}
		},
		{
			"from": [4, 14, -2],
			"to": [12, 15, 0],
			"faces": {
				"north": {"uv": [0, 4, 8, 5], "texture": "#3"},
				"east": {"uv": [0, 6, 2, 7], "texture": "#3"},
				"south": {"uv": [0, 5, 8, 6], "texture": "#3"},
				"west": {"uv": [2, 6, 4, 7], "texture": "#3"},
				"up": {"uv": [8, 2, 0, 0], "texture": "#3"},
				"down": {"uv": [8, 2, 0, 4], "texture": "#3"}
			}
		},
		{
			"from": [3, 13, -2],
			"to": [4, 14, 0],
			"faces": {
				"north": {"uv": [0, 0, 1, 1], "texture": "#3"},
				"east": {"uv": [0, 0, 2, 1], "texture": "#3"},
				"south": {"uv": [0, 0, 1, 1], "texture": "#3"},
				"west": {"uv": [0, 0, 2, 1], "texture": "#3"},
				"up": {"uv": [0, 0, 1, 2], "texture": "#3"},
				"down": {"uv": [0, 0, 1, 2], "texture": "#3"}
			}
		},
		{
			"from": [2, 12, -2],
			"to": [3, 13, 0],
			"faces": {
				"north": {"uv": [0, 0, 1, 1], "texture": "#3"},
				"east": {"uv": [0, 0, 2, 1], "texture": "#3"},
				"south": {"uv": [0, 0, 1, 1], "texture": "#3"},
				"west": {"uv": [0, 0, 2, 1], "texture": "#3"},
				"up": {"uv": [0, 0, 1, 2], "texture": "#3"},
				"down": {"uv": [0, 0, 1, 2], "texture": "#3"}
			}
		},
		{
			"from": [2, 3, -2],
			"to": [3, 4, 0],
			"faces": {
				"north": {"uv": [0, 0, 1, 1], "texture": "#3"},
				"east": {"uv": [0, 0, 2, 1], "texture": "#3"},
				"south": {"uv": [0, 0, 1, 1], "texture": "#3"},
				"west": {"uv": [0, 0, 2, 1], "texture": "#3"},
				"up": {"uv": [0, 0, 1, 2], "texture": "#3"},
				"down": {"uv": [0, 0, 1, 2], "texture": "#3"}
			}
		},
		{
			"from": [3, 2, -2],
			"to": [4, 3, 0],
			"faces": {
				"north": {"uv": [0, 0, 1, 1], "texture": "#3"},
				"east": {"uv": [0, 0, 2, 1], "texture": "#3"},
				"south": {"uv": [0, 0, 1, 1], "texture": "#3"},
				"west": {"uv": [0, 0, 2, 1], "texture": "#3"},
				"up": {"uv": [0, 0, 1, 2], "texture": "#3"},
				"down": {"uv": [0, 0, 1, 2], "texture": "#3"}
			}
		},
		{
			"from": [12, 2, -2],
			"to": [13, 3, 0],
			"faces": {
				"north": {"uv": [0, 0, 1, 1], "texture": "#3"},
				"east": {"uv": [0, 0, 2, 1], "texture": "#3"},
				"south": {"uv": [0, 0, 1, 1], "texture": "#3"},
				"west": {"uv": [0, 0, 2, 1], "texture": "#3"},
				"up": {"uv": [0, 0, 1, 2], "texture": "#3"},
				"down": {"uv": [0, 0, 1, 2], "texture": "#3"}
			}
		},
		{
			"from": [13, 3, -2],
			"to": [14, 4, 0],
			"faces": {
				"north": {"uv": [0, 0, 1, 1], "texture": "#3"},
				"east": {"uv": [0, 0, 2, 1], "texture": "#3"},
				"south": {"uv": [0, 0, 1, 1], "texture": "#3"},
				"west": {"uv": [0, 0, 2, 1], "texture": "#3"},
				"up": {"uv": [0, 0, 1, 2], "texture": "#3"},
				"down": {"uv": [0, 0, 1, 2], "texture": "#3"}
			}
		},
		{
			"from": [13, 12, -2],
			"to": [14, 13, 0],
			"faces": {
				"north": {"uv": [0, 0, 1, 1], "texture": "#3"},
				"east": {"uv": [0, 0, 2, 1], "texture": "#3"},
				"south": {"uv": [0, 0, 1, 1], "texture": "#3"},
				"west": {"uv": [0, 0, 2, 1], "texture": "#3"},
				"up": {"uv": [0, 0, 1, 2], "texture": "#3"},
				"down": {"uv": [0, 0, 1, 2], "texture": "#3"}
			}
		},
		{
			"from": [12, 13, -2],
			"to": [13, 14, 0],
			"faces": {
				"north": {"uv": [0, 0, 1, 1], "texture": "#3"},
				"east": {"uv": [0, 0, 2, 1], "texture": "#3"},
				"south": {"uv": [0, 0, 1, 1], "texture": "#3"},
				"west": {"uv": [0, 0, 2, 1], "texture": "#3"},
				"up": {"uv": [0, 0, 1, 2], "texture": "#3"},
				"down": {"uv": [0, 0, 1, 2], "texture": "#3"}
			}
		},
		{
			"from": [16, 13, 4],
			"to": [17, 14, 12],
			"rotation": {"angle": 0, "axis": "y", "origin": [16, 0, 1]},
			"faces": {
				"north": {"uv": [0, 0, 8, 1], "texture": "#2"},
				"east": {"uv": [0, 0, 8, 1], "texture": "#2"},
				"south": {"uv": [0, 0, 8, 1], "texture": "#2"},
				"west": {"uv": [0, 0, 8, 1], "texture": "#2"},
				"up": {"uv": [8, 1, 0, 0], "rotation": 90, "texture": "#2"},
				"down": {"uv": [8, 0, 0, 1], "rotation": 270, "texture": "#2"}
			}
		},
		{
			"from": [16, 3, 3],
			"to": [17, 13, 13],
			"rotation": {"angle": 0, "axis": "y", "origin": [16, 0, 1]},
			"faces": {
				"north": {"uv": [0, 0, 5, 5], "texture": "#1"},
				"east": {"uv": [0, 0, 5, 5], "texture": "#1"},
				"south": {"uv": [0, 0, 5, 5], "texture": "#1"},
				"west": {"uv": [0, 0, 5, 5], "texture": "#1"},
				"up": {"uv": [5, 5, 0, 0], "rotation": 90, "texture": "#1"},
				"down": {"uv": [5, 0, 0, 5], "rotation": 270, "texture": "#1"}
			}
		},
		{
			"from": [16, 4, 2],
			"to": [17, 12, 3],
			"rotation": {"angle": 0, "axis": "y", "origin": [16, 0, 1]},
			"faces": {
				"north": {"uv": [0, 0, 1, 8], "texture": "#missing"},
				"east": {"uv": [0, 0, 1, 8], "texture": "#2"},
				"south": {"uv": [0, 0, 1, 8], "texture": "#missing"},
				"west": {"uv": [0, 0, 8, 1], "texture": "#2"},
				"up": {"uv": [0, 0, 1, 1], "rotation": 90, "texture": "#missing"},
				"down": {"uv": [0, 0, 1, 1], "rotation": 270, "texture": "#missing"}
			}
		},
		{
			"from": [16, 4, 13],
			"to": [17, 12, 14],
			"rotation": {"angle": 0, "axis": "y", "origin": [16, 0, 1]},
			"faces": {
				"north": {"uv": [0, 0, 1, 8], "texture": "#missing"},
				"east": {"uv": [0, 0, 1, 8], "texture": "#2"},
				"south": {"uv": [0, 0, 1, 8], "texture": "#missing"},
				"west": {"uv": [0, 0, 8, 1], "texture": "#2"},
				"up": {"uv": [0, 0, 1, 1], "rotation": 90, "texture": "#missing"},
				"down": {"uv": [0, 0, 1, 1], "rotation": 270, "texture": "#missing"}
			}
		},
		{
			"from": [16, 2, 4],
			"to": [17, 3, 12],
			"rotation": {"angle": 0, "axis": "y", "origin": [16, 0, 1]},
			"faces": {
				"north": {"uv": [0, 0, 1, 1], "texture": "#missing"},
				"east": {"uv": [0, 0, 8, 1], "texture": "#2"},
				"south": {"uv": [0, 0, 1, 1], "texture": "#missing"},
				"west": {"uv": [0, 0, 8, 1], "texture": "#2"},
				"up": {"uv": [0, 0, 8, 1], "rotation": 90, "texture": "#missing"},
				"down": {"uv": [0, 0, 8, 1], "rotation": 270, "texture": "#missing"}
			}
		},
		{
			"from": [16, 4, 1],
			"to": [18, 12, 2],
			"rotation": {"angle": 0, "axis": "y", "origin": [16, 0, 1]},
			"faces": {
				"north": {"uv": [0, 0, 2, 8], "texture": "#3"},
				"east": {"uv": [0, 0, 1, 8], "texture": "#3"},
				"south": {"uv": [0, 0, 2, 8], "texture": "#3"},
				"west": {"uv": [0, 0, 1, 8], "texture": "#3"},
				"up": {"uv": [0, 0, 1, 2], "rotation": 90, "texture": "#3"},
				"down": {"uv": [0, 0, 1, 2], "rotation": 270, "texture": "#3"}
			}
		},
		{
			"from": [16, 4, 14],
			"to": [18, 12, 15],
			"rotation": {"angle": 0, "axis": "y", "origin": [16, 0, 1]},
			"faces": {
				"north": {"uv": [0, 0, 2, 8], "texture": "#3"},
				"east": {"uv": [0, 0, 1, 8], "texture": "#3"},
				"south": {"uv": [0, 0, 2, 8], "texture": "#3"},
				"west": {"uv": [0, 0, 1, 8], "texture": "#3"},
				"up": {"uv": [0, 0, 1, 2], "rotation": 90, "texture": "#3"},
				"down": {"uv": [0, 0, 1, 2], "rotation": 270, "texture": "#3"}
			}
		},
		{
			"from": [16, 1, 4],
			"to": [18, 2, 12],
			"rotation": {"angle": 0, "axis": "y", "origin": [16, 0, 1]},
			"faces": {
				"north": {"uv": [0, 0, 2, 1], "texture": "#3"},
				"east": {"uv": [0, 0, 8, 1], "texture": "#3"},
				"south": {"uv": [0, 0, 2, 1], "texture": "#3"},
				"west": {"uv": [0, 0, 8, 1], "texture": "#3"},
				"up": {"uv": [0, 0, 8, 2], "rotation": 90, "texture": "#3"},
				"down": {"uv": [0, 0, 8, 2], "rotation": 270, "texture": "#3"}
			}
		},
		{
			"from": [16, 14, 4],
			"to": [18, 15, 12],
			"rotation": {"angle": 0, "axis": "y", "origin": [16, 0, 1]},
			"faces": {
				"north": {"uv": [2, 6, 4, 7], "texture": "#3"},
				"east": {"uv": [0, 4, 8, 5], "texture": "#3"},
				"south": {"uv": [0, 6, 2, 7], "texture": "#3"},
				"west": {"uv": [0, 5, 8, 6], "texture": "#3"},
				"up": {"uv": [8, 2, 0, 0], "rotation": 90, "texture": "#3"},
				"down": {"uv": [8, 2, 0, 4], "rotation": 270, "texture": "#3"}
			}
		},
		{
			"from": [16, 13, 3],
			"to": [18, 14, 4],
			"rotation": {"angle": 0, "axis": "y", "origin": [16, 0, 1]},
			"faces": {
				"north": {"uv": [0, 0, 2, 1], "texture": "#3"},
				"east": {"uv": [0, 0, 1, 1], "texture": "#3"},
				"south": {"uv": [0, 0, 2, 1], "texture": "#3"},
				"west": {"uv": [0, 0, 1, 1], "texture": "#3"},
				"up": {"uv": [0, 0, 1, 2], "rotation": 90, "texture": "#3"},
				"down": {"uv": [0, 0, 1, 2], "rotation": 270, "texture": "#3"}
			}
		},
		{
			"from": [16, 12, 2],
			"to": [18, 13, 3],
			"rotation": {"angle": 0, "axis": "y", "origin": [16, 0, 1]},
			"faces": {
				"north": {"uv": [0, 0, 2, 1], "texture": "#3"},
				"east": {"uv": [0, 0, 1, 1], "texture": "#3"},
				"south": {"uv": [0, 0, 2, 1], "texture": "#3"},
				"west": {"uv": [0, 0, 1, 1], "texture": "#3"},
				"up": {"uv": [0, 0, 1, 2], "rotation": 90, "texture": "#3"},
				"down": {"uv": [0, 0, 1, 2], "rotation": 270, "texture": "#3"}
			}
		},
		{
			"from": [16, 3, 2],
			"to": [18, 4, 3],
			"rotation": {"angle": 0, "axis": "y", "origin": [16, 0, 1]},
			"faces": {
				"north": {"uv": [0, 0, 2, 1], "texture": "#3"},
				"east": {"uv": [0, 0, 1, 1], "texture": "#3"},
				"south": {"uv": [0, 0, 2, 1], "texture": "#3"},
				"west": {"uv": [0, 0, 1, 1], "texture": "#3"},
				"up": {"uv": [0, 0, 1, 2], "rotation": 90, "texture": "#3"},
				"down": {"uv": [0, 0, 1, 2], "rotation": 270, "texture": "#3"}
			}
		},
		{
			"from": [16, 2, 3],
			"to": [18, 3, 4],
			"rotation": {"angle": 0, "axis": "y", "origin": [16, 0, 1]},
			"faces": {
				"north": {"uv": [0, 0, 2, 1], "texture": "#3"},
				"east": {"uv": [0, 0, 1, 1], "texture": "#3"},
				"south": {"uv": [0, 0, 2, 1], "texture": "#3"},
				"west": {"uv": [0, 0, 1, 1], "texture": "#3"},
				"up": {"uv": [0, 0, 1, 2], "rotation": 90, "texture": "#3"},
				"down": {"uv": [0, 0, 1, 2], "rotation": 270, "texture": "#3"}
			}
		},
		{
			"from": [16, 2, 12],
			"to": [18, 3, 13],
			"rotation": {"angle": 0, "axis": "y", "origin": [16, 0, 1]},
			"faces": {
				"north": {"uv": [0, 0, 2, 1], "texture": "#3"},
				"east": {"uv": [0, 0, 1, 1], "texture": "#3"},
				"south": {"uv": [0, 0, 2, 1], "texture": "#3"},
				"west": {"uv": [0, 0, 1, 1], "texture": "#3"},
				"up": {"uv": [0, 0, 1, 2], "rotation": 90, "texture": "#3"},
				"down": {"uv": [0, 0, 1, 2], "rotation": 270, "texture": "#3"}
			}
		},
		{
			"from": [16, 3, 13],
			"to": [18, 4, 14],
			"rotation": {"angle": 0, "axis": "y", "origin": [16, 0, 1]},
			"faces": {
				"north": {"uv": [0, 0, 2, 1], "texture": "#3"},
				"east": {"uv": [0, 0, 1, 1], "texture": "#3"},
				"south": {"uv": [0, 0, 2, 1], "texture": "#3"},
				"west": {"uv": [0, 0, 1, 1], "texture": "#3"},
				"up": {"uv": [0, 0, 1, 2], "rotation": 90, "texture": "#3"},
				"down": {"uv": [0, 0, 1, 2], "rotation": 270, "texture": "#3"}
			}
		},
		{
			"from": [16, 12, 13],
			"to": [18, 13, 14],
			"rotation": {"angle": 0, "axis": "y", "origin": [16, 0, 1]},
			"faces": {
				"north": {"uv": [0, 0, 2, 1], "texture": "#3"},
				"east": {"uv": [0, 0, 1, 1], "texture": "#3"},
				"south": {"uv": [0, 0, 2, 1], "texture": "#3"},
				"west": {"uv": [0, 0, 1, 1], "texture": "#3"},
				"up": {"uv": [0, 0, 1, 2], "rotation": 90, "texture": "#3"},
				"down": {"uv": [0, 0, 1, 2], "rotation": 270, "texture": "#3"}
			}
		},
		{
			"from": [16, 13, 12],
			"to": [18, 14, 13],
			"rotation": {"angle": 0, "axis": "y", "origin": [16, 0, 1]},
			"faces": {
				"north": {"uv": [0, 0, 2, 1], "texture": "#3"},
				"east": {"uv": [0, 0, 1, 1], "texture": "#3"},
				"south": {"uv": [0, 0, 2, 1], "texture": "#3"},
				"west": {"uv": [0, 0, 1, 1], "texture": "#3"},
				"up": {"uv": [0, 0, 1, 2], "rotation": 90, "texture": "#3"},
				"down": {"uv": [0, 0, 1, 2], "rotation": 270, "texture": "#3"}
			}
		},
		{
			"from": [-1, 13, 4],
			"to": [0, 14, 12],
			"rotation": {"angle": 0, "axis": "y", "origin": [0, 0, 1]},
			"faces": {
				"north": {"uv": [0, 0, 8, 1], "texture": "#2"},
				"east": {"uv": [0, 0, 8, 1], "texture": "#2"},
				"south": {"uv": [0, 0, 8, 1], "texture": "#2"},
				"west": {"uv": [0, 0, 8, 1], "texture": "#2"},
				"up": {"uv": [8, 1, 0, 0], "rotation": 270, "texture": "#2"},
				"down": {"uv": [8, 0, 0, 1], "rotation": 90, "texture": "#2"}
			}
		},
		{
			"from": [-1, 3, 3],
			"to": [0, 13, 13],
			"rotation": {"angle": 0, "axis": "y", "origin": [0, 0, 1]},
			"faces": {
				"north": {"uv": [0, 0, 5, 5], "texture": "#1"},
				"east": {"uv": [0, 0, 5, 5], "texture": "#1"},
				"south": {"uv": [0, 0, 5, 5], "texture": "#1"},
				"west": {"uv": [0, 0, 5, 5], "texture": "#1"},
				"up": {"uv": [5, 5, 0, 0], "rotation": 270, "texture": "#1"},
				"down": {"uv": [5, 0, 0, 5], "rotation": 90, "texture": "#1"}
			}
		},
		{
			"from": [-1, 4, 13],
			"to": [0, 12, 14],
			"rotation": {"angle": 0, "axis": "y", "origin": [0, 0, 1]},
			"faces": {
				"north": {"uv": [0, 0, 1, 8], "texture": "#missing"},
				"east": {"uv": [0, 0, 8, 1], "texture": "#2"},
				"south": {"uv": [0, 0, 1, 8], "texture": "#missing"},
				"west": {"uv": [0, 0, 1, 8], "texture": "#2"},
				"up": {"uv": [0, 0, 1, 1], "rotation": 270, "texture": "#missing"},
				"down": {"uv": [0, 0, 1, 1], "rotation": 90, "texture": "#missing"}
			}
		},
		{
			"from": [-1, 4, 2],
			"to": [0, 12, 3],
			"rotation": {"angle": 0, "axis": "y", "origin": [0, 0, 1]},
			"faces": {
				"north": {"uv": [0, 0, 1, 8], "texture": "#missing"},
				"east": {"uv": [0, 0, 8, 1], "texture": "#2"},
				"south": {"uv": [0, 0, 1, 8], "texture": "#missing"},
				"west": {"uv": [0, 0, 1, 8], "texture": "#2"},
				"up": {"uv": [0, 0, 1, 1], "rotation": 270, "texture": "#missing"},
				"down": {"uv": [0, 0, 1, 1], "rotation": 90, "texture": "#missing"}
			}
		},
		{
			"from": [-1, 2, 4],
			"to": [0, 3, 12],
			"rotation": {"angle": 0, "axis": "y", "origin": [0, 0, 1]},
			"faces": {
				"north": {"uv": [0, 0, 1, 1], "texture": "#missing"},
				"east": {"uv": [0, 0, 8, 1], "texture": "#2"},
				"south": {"uv": [0, 0, 1, 1], "texture": "#missing"},
				"west": {"uv": [0, 0, 8, 1], "texture": "#2"},
				"up": {"uv": [0, 0, 8, 1], "rotation": 270, "texture": "#missing"},
				"down": {"uv": [0, 0, 8, 1], "rotation": 90, "texture": "#missing"}
			}
		},
		{
			"from": [-2, 4, 14],
			"to": [0, 12, 15],
			"rotation": {"angle": 0, "axis": "y", "origin": [0, 0, 1]},
			"faces": {
				"north": {"uv": [0, 0, 2, 8], "texture": "#3"},
				"east": {"uv": [0, 0, 1, 8], "texture": "#3"},
				"south": {"uv": [0, 0, 2, 8], "texture": "#3"},
				"west": {"uv": [0, 0, 1, 8], "texture": "#3"},
				"up": {"uv": [0, 0, 1, 2], "rotation": 270, "texture": "#3"},
				"down": {"uv": [0, 0, 1, 2], "rotation": 90, "texture": "#3"}
			}
		},
		{
			"from": [-2, 4, 1],
			"to": [0, 12, 2],
			"rotation": {"angle": 0, "axis": "y", "origin": [0, 0, 1]},
			"faces": {
				"north": {"uv": [0, 0, 2, 8], "texture": "#3"},
				"east": {"uv": [0, 0, 1, 8], "texture": "#3"},
				"south": {"uv": [0, 0, 2, 8], "texture": "#3"},
				"west": {"uv": [0, 0, 1, 8], "texture": "#3"},
				"up": {"uv": [0, 0, 1, 2], "rotation": 270, "texture": "#3"},
				"down": {"uv": [0, 0, 1, 2], "rotation": 90, "texture": "#3"}
			}
		},
		{
			"from": [-2, 1, 4],
			"to": [0, 2, 12],
			"rotation": {"angle": 0, "axis": "y", "origin": [0, 0, 1]},
			"faces": {
				"north": {"uv": [0, 0, 2, 1], "texture": "#3"},
				"east": {"uv": [0, 0, 8, 1], "texture": "#3"},
				"south": {"uv": [0, 0, 2, 1], "texture": "#3"},
				"west": {"uv": [0, 0, 8, 1], "texture": "#3"},
				"up": {"uv": [0, 0, 8, 2], "rotation": 270, "texture": "#3"},
				"down": {"uv": [0, 0, 8, 2], "rotation": 90, "texture": "#3"}
			}
		},
		{
			"from": [-2, 14, 4],
			"to": [0, 15, 12],
			"rotation": {"angle": 0, "axis": "y", "origin": [0, 0, 1]},
			"faces": {
				"north": {"uv": [0, 6, 2, 7], "texture": "#3"},
				"east": {"uv": [0, 5, 8, 6], "texture": "#3"},
				"south": {"uv": [2, 6, 4, 7], "texture": "#3"},
				"west": {"uv": [0, 4, 8, 5], "texture": "#3"},
				"up": {"uv": [8, 2, 0, 0], "rotation": 270, "texture": "#3"},
				"down": {"uv": [8, 2, 0, 4], "rotation": 90, "texture": "#3"}
			}
		},
		{
			"from": [-2, 13, 12],
			"to": [0, 14, 13],
			"rotation": {"angle": 0, "axis": "y", "origin": [0, 0, 1]},
			"faces": {
				"north": {"uv": [0, 0, 2, 1], "texture": "#3"},
				"east": {"uv": [0, 0, 1, 1], "texture": "#3"},
				"south": {"uv": [0, 0, 2, 1], "texture": "#3"},
				"west": {"uv": [0, 0, 1, 1], "texture": "#3"},
				"up": {"uv": [0, 0, 1, 2], "rotation": 270, "texture": "#3"},
				"down": {"uv": [0, 0, 1, 2], "rotation": 90, "texture": "#3"}
			}
		},
		{
			"from": [-2, 12, 13],
			"to": [0, 13, 14],
			"rotation": {"angle": 0, "axis": "y", "origin": [0, 0, 1]},
			"faces": {
				"north": {"uv": [0, 0, 2, 1], "texture": "#3"},
				"east": {"uv": [0, 0, 1, 1], "texture": "#3"},
				"south": {"uv": [0, 0, 2, 1], "texture": "#3"},
				"west": {"uv": [0, 0, 1, 1], "texture": "#3"},
				"up": {"uv": [0, 0, 1, 2], "rotation": 270, "texture": "#3"},
				"down": {"uv": [0, 0, 1, 2], "rotation": 90, "texture": "#3"}
			}
		},
		{
			"from": [-2, 3, 13],
			"to": [0, 4, 14],
			"rotation": {"angle": 0, "axis": "y", "origin": [0, 0, 1]},
			"faces": {
				"north": {"uv": [0, 0, 2, 1], "texture": "#3"},
				"east": {"uv": [0, 0, 1, 1], "texture": "#3"},
				"south": {"uv": [0, 0, 2, 1], "texture": "#3"},
				"west": {"uv": [0, 0, 1, 1], "texture": "#3"},
				"up": {"uv": [0, 0, 1, 2], "rotation": 270, "texture": "#3"},
				"down": {"uv": [0, 0, 1, 2], "rotation": 90, "texture": "#3"}
			}
		},
		{
			"from": [-2, 2, 12],
			"to": [0, 3, 13],
			"rotation": {"angle": 0, "axis": "y", "origin": [0, 0, 1]},
			"faces": {
				"north": {"uv": [0, 0, 2, 1], "texture": "#3"},
				"east": {"uv": [0, 0, 1, 1], "texture": "#3"},
				"south": {"uv": [0, 0, 2, 1], "texture": "#3"},
				"west": {"uv": [0, 0, 1, 1], "texture": "#3"},
				"up": {"uv": [0, 0, 1, 2], "rotation": 270, "texture": "#3"},
				"down": {"uv": [0, 0, 1, 2], "rotation": 90, "texture": "#3"}
			}
		},
		{
			"from": [-2, 2, 3],
			"to": [0, 3, 4],
			"rotation": {"angle": 0, "axis": "y", "origin": [0, 0, 1]},
			"faces": {
				"north": {"uv": [0, 0, 2, 1], "texture": "#3"},
				"east": {"uv": [0, 0, 1, 1], "texture": "#3"},
				"south": {"uv": [0, 0, 2, 1], "texture": "#3"},
				"west": {"uv": [0, 0, 1, 1], "texture": "#3"},
				"up": {"uv": [0, 0, 1, 2], "rotation": 270, "texture": "#3"},
				"down": {"uv": [0, 0, 1, 2], "rotation": 90, "texture": "#3"}
			}
		},
		{
			"from": [-2, 3, 2],
			"to": [0, 4, 3],
			"rotation": {"angle": 0, "axis": "y", "origin": [0, 0, 1]},
			"faces": {
				"north": {"uv": [0, 0, 2, 1], "texture": "#3"},
				"east": {"uv": [0, 0, 1, 1], "texture": "#3"},
				"south": {"uv": [0, 0, 2, 1], "texture": "#3"},
				"west": {"uv": [0, 0, 1, 1], "texture": "#3"},
				"up": {"uv": [0, 0, 1, 2], "rotation": 270, "texture": "#3"},
				"down": {"uv": [0, 0, 1, 2], "rotation": 90, "texture": "#3"}
			}
		},
		{
			"from": [-2, 12, 2],
			"to": [0, 13, 3],
			"rotation": {"angle": 0, "axis": "y", "origin": [0, 0, 1]},
			"faces": {
				"north": {"uv": [0, 0, 2, 1], "texture": "#3"},
				"east": {"uv": [0, 0, 1, 1], "texture": "#3"},
				"south": {"uv": [0, 0, 2, 1], "texture": "#3"},
				"west": {"uv": [0, 0, 1, 1], "texture": "#3"},
				"up": {"uv": [0, 0, 1, 2], "rotation": 270, "texture": "#3"},
				"down": {"uv": [0, 0, 1, 2], "rotation": 90, "texture": "#3"}
			}
		},
		{
			"from": [-2, 13, 3],
			"to": [0, 14, 4],
			"rotation": {"angle": 0, "axis": "y", "origin": [0, 0, 1]},
			"faces": {
				"north": {"uv": [0, 0, 2, 1], "texture": "#3"},
				"east": {"uv": [0, 0, 1, 1], "texture": "#3"},
				"south": {"uv": [0, 0, 2, 1], "texture": "#3"},
				"west": {"uv": [0, 0, 1, 1], "texture": "#3"},
				"up": {"uv": [0, 0, 1, 2], "rotation": 270, "texture": "#3"},
				"down": {"uv": [0, 0, 1, 2], "rotation": 90, "texture": "#3"}
			}
		},
		{
			"from": [4, 13, 16],
			"to": [12, 14, 17],
			"rotation": {"angle": 0, "axis": "y", "origin": [0, 0, 16]},
			"faces": {
				"north": {"uv": [0, 0, 8, 1], "texture": "#2"},
				"east": {"uv": [0, 0, 8, 1], "texture": "#2"},
				"south": {"uv": [0, 0, 8, 1], "texture": "#2"},
				"west": {"uv": [0, 0, 8, 1], "texture": "#2"},
				"up": {"uv": [8, 1, 0, 0], "rotation": 180, "texture": "#2"},
				"down": {"uv": [8, 0, 0, 1], "rotation": 180, "texture": "#2"}
			}
		},
		{
			"from": [3, 3, 16],
			"to": [13, 13, 17],
			"rotation": {"angle": 0, "axis": "y", "origin": [0, 0, 16]},
			"faces": {
				"north": {"uv": [0, 0, 5, 5], "texture": "#1"},
				"east": {"uv": [0, 0, 5, 5], "texture": "#1"},
				"south": {"uv": [0, 0, 5, 5], "texture": "#1"},
				"west": {"uv": [0, 0, 5, 5], "texture": "#1"},
				"up": {"uv": [5, 5, 0, 0], "rotation": 180, "texture": "#1"},
				"down": {"uv": [5, 0, 0, 5], "rotation": 180, "texture": "#1"}
			}
		},
		{
			"from": [13, 4, 16],
			"to": [14, 12, 17],
			"rotation": {"angle": 0, "axis": "y", "origin": [0, 0, 16]},
			"faces": {
				"north": {"uv": [0, 0, 8, 1], "texture": "#2"},
				"east": {"uv": [0, 0, 1, 8], "texture": "#missing"},
				"south": {"uv": [0, 0, 1, 8], "texture": "#2"},
				"west": {"uv": [0, 0, 1, 8], "texture": "#missing"},
				"up": {"uv": [0, 0, 1, 1], "rotation": 180, "texture": "#missing"},
				"down": {"uv": [0, 0, 1, 1], "rotation": 180, "texture": "#missing"}
			}
		},
		{
			"from": [2, 4, 16],
			"to": [3, 12, 17],
			"rotation": {"angle": 0, "axis": "y", "origin": [0, 0, 16]},
			"faces": {
				"north": {"uv": [0, 0, 8, 1], "texture": "#2"},
				"east": {"uv": [0, 0, 1, 8], "texture": "#missing"},
				"south": {"uv": [0, 0, 1, 8], "texture": "#2"},
				"west": {"uv": [0, 0, 1, 8], "texture": "#missing"},
				"up": {"uv": [0, 0, 1, 1], "rotation": 180, "texture": "#missing"},
				"down": {"uv": [0, 0, 1, 1], "rotation": 180, "texture": "#missing"}
			}
		},
		{
			"from": [4, 2, 16],
			"to": [12, 3, 17],
			"rotation": {"angle": 0, "axis": "y", "origin": [0, 0, 16]},
			"faces": {
				"north": {"uv": [0, 0, 8, 1], "texture": "#2"},
				"east": {"uv": [0, 0, 1, 1], "texture": "#missing"},
				"south": {"uv": [0, 0, 8, 1], "texture": "#2"},
				"west": {"uv": [0, 0, 1, 1], "texture": "#missing"},
				"up": {"uv": [0, 0, 8, 1], "rotation": 180, "texture": "#missing"},
				"down": {"uv": [0, 0, 8, 1], "rotation": 180, "texture": "#missing"}
			}
		},
		{
			"from": [14, 4, 16],
			"to": [15, 12, 18],
			"rotation": {"angle": 0, "axis": "y", "origin": [0, 0, 16]},
			"faces": {
				"north": {"uv": [0, 0, 1, 8], "texture": "#3"},
				"east": {"uv": [0, 0, 2, 8], "texture": "#3"},
				"south": {"uv": [0, 0, 1, 8], "texture": "#3"},
				"west": {"uv": [0, 0, 2, 8], "texture": "#3"},
				"up": {"uv": [0, 0, 1, 2], "rotation": 180, "texture": "#3"},
				"down": {"uv": [0, 0, 1, 2], "rotation": 180, "texture": "#3"}
			}
		},
		{
			"from": [1, 4, 16],
			"to": [2, 12, 18],
			"rotation": {"angle": 0, "axis": "y", "origin": [0, 0, 16]},
			"faces": {
				"north": {"uv": [0, 0, 1, 8], "texture": "#3"},
				"east": {"uv": [0, 0, 2, 8], "texture": "#3"},
				"south": {"uv": [0, 0, 1, 8], "texture": "#3"},
				"west": {"uv": [0, 0, 2, 8], "texture": "#3"},
				"up": {"uv": [0, 0, 1, 2], "rotation": 180, "texture": "#3"},
				"down": {"uv": [0, 0, 1, 2], "rotation": 180, "texture": "#3"}
			}
		},
		{
			"from": [4, 1, 16],
			"to": [12, 2, 18],
			"rotation": {"angle": 0, "axis": "y", "origin": [0, 0, 16]},
			"faces": {
				"north": {"uv": [0, 0, 8, 1], "texture": "#3"},
				"east": {"uv": [0, 0, 2, 1], "texture": "#3"},
				"south": {"uv": [0, 0, 8, 1], "texture": "#3"},
				"west": {"uv": [0, 0, 2, 1], "texture": "#3"},
				"up": {"uv": [0, 0, 8, 2], "rotation": 180, "texture": "#3"},
				"down": {"uv": [0, 0, 8, 2], "rotation": 180, "texture": "#3"}
			}
		},
		{
			"from": [4, 14, 16],
			"to": [12, 15, 18],
			"rotation": {"angle": 0, "axis": "y", "origin": [0, 0, 16]},
			"faces": {
				"north": {"uv": [0, 5, 8, 6], "texture": "#3"},
				"east": {"uv": [2, 6, 4, 7], "texture": "#3"},
				"south": {"uv": [0, 4, 8, 5], "texture": "#3"},
				"west": {"uv": [0, 6, 2, 7], "texture": "#3"},
				"up": {"uv": [8, 2, 0, 0], "rotation": 180, "texture": "#3"},
				"down": {"uv": [8, 2, 0, 4], "rotation": 180, "texture": "#3"}
			}
		},
		{
			"from": [12, 13, 16],
			"to": [13, 14, 18],
			"rotation": {"angle": 0, "axis": "y", "origin": [0, 0, 16]},
			"faces": {
				"north": {"uv": [0, 0, 1, 1], "texture": "#3"},
				"east": {"uv": [0, 0, 2, 1], "texture": "#3"},
				"south": {"uv": [0, 0, 1, 1], "texture": "#3"},
				"west": {"uv": [0, 0, 2, 1], "texture": "#3"},
				"up": {"uv": [0, 0, 1, 2], "rotation": 180, "texture": "#3"},
				"down": {"uv": [0, 0, 1, 2], "rotation": 180, "texture": "#3"}
			}
		},
		{
			"from": [13, 12, 16],
			"to": [14, 13, 18],
			"rotation": {"angle": 0, "axis": "y", "origin": [0, 0, 16]},
			"faces": {
				"north": {"uv": [0, 0, 1, 1], "texture": "#3"},
				"east": {"uv": [0, 0, 2, 1], "texture": "#3"},
				"south": {"uv": [0, 0, 1, 1], "texture": "#3"},
				"west": {"uv": [0, 0, 2, 1], "texture": "#3"},
				"up": {"uv": [0, 0, 1, 2], "rotation": 180, "texture": "#3"},
				"down": {"uv": [0, 0, 1, 2], "rotation": 180, "texture": "#3"}
			}
		},
		{
			"from": [13, 3, 16],
			"to": [14, 4, 18],
			"rotation": {"angle": 0, "axis": "y", "origin": [0, 0, 16]},
			"faces": {
				"north": {"uv": [0, 0, 1, 1], "texture": "#3"},
				"east": {"uv": [0, 0, 2, 1], "texture": "#3"},
				"south": {"uv": [0, 0, 1, 1], "texture": "#3"},
				"west": {"uv": [0, 0, 2, 1], "texture": "#3"},
				"up": {"uv": [0, 0, 1, 2], "rotation": 180, "texture": "#3"},
				"down": {"uv": [0, 0, 1, 2], "rotation": 180, "texture": "#3"}
			}
		},
		{
			"from": [12, 2, 16],
			"to": [13, 3, 18],
			"rotation": {"angle": 0, "axis": "y", "origin": [0, 0, 16]},
			"faces": {
				"north": {"uv": [0, 0, 1, 1], "texture": "#3"},
				"east": {"uv": [0, 0, 2, 1], "texture": "#3"},
				"south": {"uv": [0, 0, 1, 1], "texture": "#3"},
				"west": {"uv": [0, 0, 2, 1], "texture": "#3"},
				"up": {"uv": [0, 0, 1, 2], "rotation": 180, "texture": "#3"},
				"down": {"uv": [0, 0, 1, 2], "rotation": 180, "texture": "#3"}
			}
		},
		{
			"from": [3, 2, 16],
			"to": [4, 3, 18],
			"rotation": {"angle": 0, "axis": "y", "origin": [0, 0, 16]},
			"faces": {
				"north": {"uv": [0, 0, 1, 1], "texture": "#3"},
				"east": {"uv": [0, 0, 2, 1], "texture": "#3"},
				"south": {"uv": [0, 0, 1, 1], "texture": "#3"},
				"west": {"uv": [0, 0, 2, 1], "texture": "#3"},
				"up": {"uv": [0, 0, 1, 2], "rotation": 180, "texture": "#3"},
				"down": {"uv": [0, 0, 1, 2], "rotation": 180, "texture": "#3"}
			}
		},
		{
			"from": [2, 3, 16],
			"to": [3, 4, 18],
			"rotation": {"angle": 0, "axis": "y", "origin": [0, 0, 16]},
			"faces": {
				"north": {"uv": [0, 0, 1, 1], "texture": "#3"},
				"east": {"uv": [0, 0, 2, 1], "texture": "#3"},
				"south": {"uv": [0, 0, 1, 1], "texture": "#3"},
				"west": {"uv": [0, 0, 2, 1], "texture": "#3"},
				"up": {"uv": [0, 0, 1, 2], "rotation": 180, "texture": "#3"},
				"down": {"uv": [0, 0, 1, 2], "rotation": 180, "texture": "#3"}
			}
		},
		{
			"from": [2, 12, 16],
			"to": [3, 13, 18],
			"rotation": {"angle": 0, "axis": "y", "origin": [0, 0, 16]},
			"faces": {
				"north": {"uv": [0, 0, 1, 1], "texture": "#3"},
				"east": {"uv": [0, 0, 2, 1], "texture": "#3"},
				"south": {"uv": [0, 0, 1, 1], "texture": "#3"},
				"west": {"uv": [0, 0, 2, 1], "texture": "#3"},
				"up": {"uv": [0, 0, 1, 2], "rotation": 180, "texture": "#3"},
				"down": {"uv": [0, 0, 1, 2], "rotation": 180, "texture": "#3"}
			}
		},
		{
			"from": [3, 13, 16],
			"to": [4, 14, 18],
			"rotation": {"angle": 0, "axis": "y", "origin": [0, 0, 16]},
			"faces": {
				"north": {"uv": [0, 0, 1, 1], "texture": "#3"},
				"east": {"uv": [0, 0, 2, 1], "texture": "#3"},
				"south": {"uv": [0, 0, 1, 1], "texture": "#3"},
				"west": {"uv": [0, 0, 2, 1], "texture": "#3"},
				"up": {"uv": [0, 0, 1, 2], "rotation": 180, "texture": "#3"},
				"down": {"uv": [0, 0, 1, 2], "rotation": 180, "texture": "#3"}
			}
		},
		{
			"from": [4, 16, 2],
			"to": [12, 17, 3],
			"rotation": {"angle": 0, "axis": "x", "origin": [0, 16, 16]},
			"faces": {
				"north": {"uv": [8, 1, 0, 0], "texture": "#2"},
				"east": {"uv": [0, 0, 8, 1], "rotation": 90, "texture": "#2"},
				"south": {"uv": [8, 0, 0, 1], "rotation": 180, "texture": "#2"},
				"west": {"uv": [0, 0, 8, 1], "rotation": 270, "texture": "#2"},
				"up": {"uv": [0, 0, 8, 1], "texture": "#2"},
				"down": {"uv": [0, 0, 8, 1], "rotation": 180, "texture": "#2"}
			}
		},
		{
			"from": [3, 16, 3],
			"to": [13, 17, 13],
			"rotation": {"angle": 0, "axis": "x", "origin": [0, 16, 16]},
			"faces": {
				"north": {"uv": [5, 5, 0, 0], "texture": "#1"},
				"east": {"uv": [0, 0, 5, 5], "rotation": 90, "texture": "#1"},
				"south": {"uv": [5, 0, 0, 5], "rotation": 180, "texture": "#1"},
				"west": {"uv": [0, 0, 5, 5], "rotation": 270, "texture": "#1"},
				"up": {"uv": [0, 0, 5, 5], "texture": "#1"},
				"down": {"uv": [0, 0, 5, 5], "rotation": 180, "texture": "#1"}
			}
		},
		{
			"from": [13, 16, 4],
			"to": [14, 17, 12],
			"rotation": {"angle": 0, "axis": "x", "origin": [0, 16, 16]},
			"faces": {
				"north": {"uv": [0, 0, 1, 1], "texture": "#missing"},
				"east": {"uv": [0, 0, 1, 8], "rotation": 90, "texture": "#missing"},
				"south": {"uv": [0, 0, 1, 1], "rotation": 180, "texture": "#missing"},
				"west": {"uv": [0, 0, 1, 8], "rotation": 270, "texture": "#missing"},
				"up": {"uv": [0, 0, 1, 8], "texture": "#2"},
				"down": {"uv": [0, 0, 8, 1], "rotation": 180, "texture": "#2"}
			}
		},
		{
			"from": [2, 16, 4],
			"to": [3, 17, 12],
			"rotation": {"angle": 0, "axis": "x", "origin": [0, 16, 16]},
			"faces": {
				"north": {"uv": [0, 0, 1, 1], "texture": "#missing"},
				"east": {"uv": [0, 0, 1, 8], "rotation": 90, "texture": "#missing"},
				"south": {"uv": [0, 0, 1, 1], "rotation": 180, "texture": "#missing"},
				"west": {"uv": [0, 0, 1, 8], "rotation": 270, "texture": "#missing"},
				"up": {"uv": [0, 0, 1, 8], "texture": "#2"},
				"down": {"uv": [0, 0, 8, 1], "rotation": 180, "texture": "#2"}
			}
		},
		{
			"from": [4, 16, 13],
			"to": [12, 17, 14],
			"rotation": {"angle": 0, "axis": "x", "origin": [0, 16, 16]},
			"faces": {
				"north": {"uv": [0, 0, 8, 1], "texture": "#missing"},
				"east": {"uv": [0, 0, 1, 1], "rotation": 90, "texture": "#missing"},
				"south": {"uv": [0, 0, 8, 1], "rotation": 180, "texture": "#missing"},
				"west": {"uv": [0, 0, 1, 1], "rotation": 270, "texture": "#missing"},
				"up": {"uv": [0, 0, 8, 1], "texture": "#2"},
				"down": {"uv": [0, 0, 8, 1], "rotation": 180, "texture": "#2"}
			}
		},
		{
			"from": [14, 16, 4],
			"to": [15, 18, 12],
			"rotation": {"angle": 0, "axis": "x", "origin": [0, 16, 16]},
			"faces": {
				"north": {"uv": [0, 0, 1, 2], "texture": "#3"},
				"east": {"uv": [0, 0, 2, 8], "rotation": 90, "texture": "#3"},
				"south": {"uv": [0, 0, 1, 2], "rotation": 180, "texture": "#3"},
				"west": {"uv": [0, 0, 2, 8], "rotation": 270, "texture": "#3"},
				"up": {"uv": [0, 0, 1, 8], "texture": "#3"},
				"down": {"uv": [0, 0, 1, 8], "rotation": 180, "texture": "#3"}
			}
		},
		{
			"from": [1, 16, 4],
			"to": [2, 18, 12],
			"rotation": {"angle": 0, "axis": "x", "origin": [0, 16, 16]},
			"faces": {
				"north": {"uv": [0, 0, 1, 2], "texture": "#3"},
				"east": {"uv": [0, 0, 2, 8], "rotation": 90, "texture": "#3"},
				"south": {"uv": [0, 0, 1, 2], "rotation": 180, "texture": "#3"},
				"west": {"uv": [0, 0, 2, 8], "rotation": 270, "texture": "#3"},
				"up": {"uv": [0, 0, 1, 8], "texture": "#3"},
				"down": {"uv": [0, 0, 1, 8], "rotation": 180, "texture": "#3"}
			}
		},
		{
			"from": [4, 16, 14],
			"to": [12, 18, 15],
			"rotation": {"angle": 0, "axis": "x", "origin": [0, 16, 16]},
			"faces": {
				"north": {"uv": [0, 0, 8, 2], "texture": "#3"},
				"east": {"uv": [0, 0, 2, 1], "rotation": 90, "texture": "#3"},
				"south": {"uv": [0, 0, 8, 2], "rotation": 180, "texture": "#3"},
				"west": {"uv": [0, 0, 2, 1], "rotation": 270, "texture": "#3"},
				"up": {"uv": [0, 0, 8, 1], "texture": "#3"},
				"down": {"uv": [0, 0, 8, 1], "rotation": 180, "texture": "#3"}
			}
		},
		{
			"from": [4, 16, 1],
			"to": [12, 18, 2],
			"rotation": {"angle": 0, "axis": "x", "origin": [0, 16, 16]},
			"faces": {
				"north": {"uv": [8, 2, 0, 0], "texture": "#3"},
				"east": {"uv": [2, 6, 4, 7], "rotation": 90, "texture": "#3"},
				"south": {"uv": [8, 2, 0, 4], "rotation": 180, "texture": "#3"},
				"west": {"uv": [0, 6, 2, 7], "rotation": 270, "texture": "#3"},
				"up": {"uv": [0, 4, 8, 5], "texture": "#3"},
				"down": {"uv": [0, 5, 8, 6], "rotation": 180, "texture": "#3"}
			}
		},
		{
			"from": [12, 16, 2],
			"to": [13, 18, 3],
			"rotation": {"angle": 0, "axis": "x", "origin": [0, 16, 16]},
			"faces": {
				"north": {"uv": [0, 0, 1, 2], "texture": "#3"},
				"east": {"uv": [0, 0, 2, 1], "rotation": 90, "texture": "#3"},
				"south": {"uv": [0, 0, 1, 2], "rotation": 180, "texture": "#3"},
				"west": {"uv": [0, 0, 2, 1], "rotation": 270, "texture": "#3"},
				"up": {"uv": [0, 0, 1, 1], "texture": "#3"},
				"down": {"uv": [0, 0, 1, 1], "rotation": 180, "texture": "#3"}
			}
		},
		{
			"from": [13, 16, 3],
			"to": [14, 18, 4],
			"rotation": {"angle": 0, "axis": "x", "origin": [0, 16, 16]},
			"faces": {
				"north": {"uv": [0, 0, 1, 2], "texture": "#3"},
				"east": {"uv": [0, 0, 2, 1], "rotation": 90, "texture": "#3"},
				"south": {"uv": [0, 0, 1, 2], "rotation": 180, "texture": "#3"},
				"west": {"uv": [0, 0, 2, 1], "rotation": 270, "texture": "#3"},
				"up": {"uv": [0, 0, 1, 1], "texture": "#3"},
				"down": {"uv": [0, 0, 1, 1], "rotation": 180, "texture": "#3"}
			}
		},
		{
			"from": [13, 16, 12],
			"to": [14, 18, 13],
			"rotation": {"angle": 0, "axis": "x", "origin": [0, 16, 16]},
			"faces": {
				"north": {"uv": [0, 0, 1, 2], "texture": "#3"},
				"east": {"uv": [0, 0, 2, 1], "rotation": 90, "texture": "#3"},
				"south": {"uv": [0, 0, 1, 2], "rotation": 180, "texture": "#3"},
				"west": {"uv": [0, 0, 2, 1], "rotation": 270, "texture": "#3"},
				"up": {"uv": [0, 0, 1, 1], "texture": "#3"},
				"down": {"uv": [0, 0, 1, 1], "rotation": 180, "texture": "#3"}
			}
		},
		{
			"from": [12, 16, 13],
			"to": [13, 18, 14],
			"rotation": {"angle": 0, "axis": "x", "origin": [0, 16, 16]},
			"faces": {
				"north": {"uv": [0, 0, 1, 2], "texture": "#3"},
				"east": {"uv": [0, 0, 2, 1], "rotation": 90, "texture": "#3"},
				"south": {"uv": [0, 0, 1, 2], "rotation": 180, "texture": "#3"},
				"west": {"uv": [0, 0, 2, 1], "rotation": 270, "texture": "#3"},
				"up": {"uv": [0, 0, 1, 1], "texture": "#3"},
				"down": {"uv": [0, 0, 1, 1], "rotation": 180, "texture": "#3"}
			}
		},
		{
			"from": [3, 16, 13],
			"to": [4, 18, 14],
			"rotation": {"angle": 0, "axis": "x", "origin": [0, 16, 16]},
			"faces": {
				"north": {"uv": [0, 0, 1, 2], "texture": "#3"},
				"east": {"uv": [0, 0, 2, 1], "rotation": 90, "texture": "#3"},
				"south": {"uv": [0, 0, 1, 2], "rotation": 180, "texture": "#3"},
				"west": {"uv": [0, 0, 2, 1], "rotation": 270, "texture": "#3"},
				"up": {"uv": [0, 0, 1, 1], "texture": "#3"},
				"down": {"uv": [0, 0, 1, 1], "rotation": 180, "texture": "#3"}
			}
		},
		{
			"from": [2, 16, 12],
			"to": [3, 18, 13],
			"rotation": {"angle": 0, "axis": "x", "origin": [0, 16, 16]},
			"faces": {
				"north": {"uv": [0, 0, 1, 2], "texture": "#3"},
				"east": {"uv": [0, 0, 2, 1], "rotation": 90, "texture": "#3"},
				"south": {"uv": [0, 0, 1, 2], "rotation": 180, "texture": "#3"},
				"west": {"uv": [0, 0, 2, 1], "rotation": 270, "texture": "#3"},
				"up": {"uv": [0, 0, 1, 1], "texture": "#3"},
				"down": {"uv": [0, 0, 1, 1], "rotation": 180, "texture": "#3"}
			}
		},
		{
			"from": [2, 16, 3],
			"to": [3, 18, 4],
			"rotation": {"angle": 0, "axis": "x", "origin": [0, 16, 16]},
			"faces": {
				"north": {"uv": [0, 0, 1, 2], "texture": "#3"},
				"east": {"uv": [0, 0, 2, 1], "rotation": 90, "texture": "#3"},
				"south": {"uv": [0, 0, 1, 2], "rotation": 180, "texture": "#3"},
				"west": {"uv": [0, 0, 2, 1], "rotation": 270, "texture": "#3"},
				"up": {"uv": [0, 0, 1, 1], "texture": "#3"},
				"down": {"uv": [0, 0, 1, 1], "rotation": 180, "texture": "#3"}
			}
		},
		{
			"from": [3, 16, 2],
			"to": [4, 18, 3],
			"rotation": {"angle": 0, "axis": "x", "origin": [0, 16, 16]},
			"faces": {
				"north": {"uv": [0, 0, 1, 2], "texture": "#3"},
				"east": {"uv": [0, 0, 2, 1], "rotation": 90, "texture": "#3"},
				"south": {"uv": [0, 0, 1, 2], "rotation": 180, "texture": "#3"},
				"west": {"uv": [0, 0, 2, 1], "rotation": 270, "texture": "#3"},
				"up": {"uv": [0, 0, 1, 1], "texture": "#3"},
				"down": {"uv": [0, 0, 1, 1], "rotation": 180, "texture": "#3"}
			}
		},
		{
			"from": [4, -1, 13],
			"to": [12, 0, 14],
			"rotation": {"angle": 0, "axis": "x", "origin": [0, 0, 16]},
			"faces": {
				"north": {"uv": [8, 0, 0, 1], "texture": "#2"},
				"east": {"uv": [0, 0, 8, 1], "rotation": 270, "texture": "#2"},
				"south": {"uv": [8, 1, 0, 0], "rotation": 180, "texture": "#2"},
				"west": {"uv": [0, 0, 8, 1], "rotation": 90, "texture": "#2"},
				"up": {"uv": [0, 0, 8, 1], "rotation": 180, "texture": "#2"},
				"down": {"uv": [0, 0, 8, 1], "texture": "#2"}
			}
		},
		{
			"from": [3, -1, 3],
			"to": [13, 0, 13],
			"rotation": {"angle": 0, "axis": "x", "origin": [0, 0, 16]},
			"faces": {
				"north": {"uv": [5, 0, 0, 5], "texture": "#1"},
				"east": {"uv": [0, 0, 5, 5], "rotation": 270, "texture": "#1"},
				"south": {"uv": [5, 5, 0, 0], "rotation": 180, "texture": "#1"},
				"west": {"uv": [0, 0, 5, 5], "rotation": 90, "texture": "#1"},
				"up": {"uv": [0, 0, 5, 5], "rotation": 180, "texture": "#1"},
				"down": {"uv": [0, 0, 5, 5], "texture": "#1"}
			}
		},
		{
			"from": [13, -1, 4],
			"to": [14, 0, 12],
			"rotation": {"angle": 0, "axis": "x", "origin": [0, 0, 16]},
			"faces": {
				"north": {"uv": [0, 0, 1, 1], "texture": "#missing"},
				"east": {"uv": [0, 0, 1, 8], "rotation": 270, "texture": "#missing"},
				"south": {"uv": [0, 0, 1, 1], "rotation": 180, "texture": "#missing"},
				"west": {"uv": [0, 0, 1, 8], "rotation": 90, "texture": "#missing"},
				"up": {"uv": [0, 0, 8, 1], "rotation": 180, "texture": "#2"},
				"down": {"uv": [0, 0, 1, 8], "texture": "#2"}
			}
		},
		{
			"from": [2, -1, 4],
			"to": [3, 0, 12],
			"rotation": {"angle": 0, "axis": "x", "origin": [0, 0, 16]},
			"faces": {
				"north": {"uv": [0, 0, 1, 1], "texture": "#missing"},
				"east": {"uv": [0, 0, 1, 8], "rotation": 270, "texture": "#missing"},
				"south": {"uv": [0, 0, 1, 1], "rotation": 180, "texture": "#missing"},
				"west": {"uv": [0, 0, 1, 8], "rotation": 90, "texture": "#missing"},
				"up": {"uv": [0, 0, 8, 1], "rotation": 180, "texture": "#2"},
				"down": {"uv": [0, 0, 1, 8], "texture": "#2"}
			}
		},
		{
			"from": [4, -1, 2],
			"to": [12, 0, 3],
			"rotation": {"angle": 0, "axis": "x", "origin": [0, 0, 16]},
			"faces": {
				"north": {"uv": [0, 0, 8, 1], "texture": "#missing"},
				"east": {"uv": [0, 0, 1, 1], "rotation": 270, "texture": "#missing"},
				"south": {"uv": [0, 0, 8, 1], "rotation": 180, "texture": "#missing"},
				"west": {"uv": [0, 0, 1, 1], "rotation": 90, "texture": "#missing"},
				"up": {"uv": [0, 0, 8, 1], "rotation": 180, "texture": "#2"},
				"down": {"uv": [0, 0, 8, 1], "texture": "#2"}
			}
		},
		{
			"from": [14, -2, 4],
			"to": [15, 0, 12],
			"rotation": {"angle": 0, "axis": "x", "origin": [0, 0, 16]},
			"faces": {
				"north": {"uv": [0, 0, 1, 2], "texture": "#3"},
				"east": {"uv": [0, 0, 2, 8], "rotation": 270, "texture": "#3"},
				"south": {"uv": [0, 0, 1, 2], "rotation": 180, "texture": "#3"},
				"west": {"uv": [0, 0, 2, 8], "rotation": 90, "texture": "#3"},
				"up": {"uv": [0, 0, 1, 8], "rotation": 180, "texture": "#3"},
				"down": {"uv": [0, 0, 1, 8], "texture": "#3"}
			}
		},
		{
			"from": [1, -2, 4],
			"to": [2, 0, 12],
			"rotation": {"angle": 0, "axis": "x", "origin": [0, 0, 16]},
			"faces": {
				"north": {"uv": [0, 0, 1, 2], "texture": "#3"},
				"east": {"uv": [0, 0, 2, 8], "rotation": 270, "texture": "#3"},
				"south": {"uv": [0, 0, 1, 2], "rotation": 180, "texture": "#3"},
				"west": {"uv": [0, 0, 2, 8], "rotation": 90, "texture": "#3"},
				"up": {"uv": [0, 0, 1, 8], "rotation": 180, "texture": "#3"},
				"down": {"uv": [0, 0, 1, 8], "texture": "#3"}
			}
		},
		{
			"from": [4, -2, 1],
			"to": [12, 0, 2],
			"rotation": {"angle": 0, "axis": "x", "origin": [0, 0, 16]},
			"faces": {
				"north": {"uv": [0, 0, 8, 2], "texture": "#3"},
				"east": {"uv": [0, 0, 2, 1], "rotation": 270, "texture": "#3"},
				"south": {"uv": [0, 0, 8, 2], "rotation": 180, "texture": "#3"},
				"west": {"uv": [0, 0, 2, 1], "rotation": 90, "texture": "#3"},
				"up": {"uv": [0, 0, 8, 1], "rotation": 180, "texture": "#3"},
				"down": {"uv": [0, 0, 8, 1], "texture": "#3"}
			}
		},
		{
			"from": [4, -2, 14],
			"to": [12, 0, 15],
			"rotation": {"angle": 0, "axis": "x", "origin": [0, 0, 16]},
			"faces": {
				"north": {"uv": [8, 2, 0, 4], "texture": "#3"},
				"east": {"uv": [2, 6, 4, 7], "rotation": 270, "texture": "#3"},
				"south": {"uv": [8, 2, 0, 0], "rotation": 180, "texture": "#3"},
				"west": {"uv": [0, 6, 2, 7], "rotation": 90, "texture": "#3"},
				"up": {"uv": [0, 5, 8, 6], "rotation": 180, "texture": "#3"},
				"down": {"uv": [0, 4, 8, 5], "texture": "#3"}
			}
		},
		{
			"from": [12, -2, 13],
			"to": [13, 0, 14],
			"rotation": {"angle": 0, "axis": "x", "origin": [0, 0, 16]},
			"faces": {
				"north": {"uv": [0, 0, 1, 2], "texture": "#3"},
				"east": {"uv": [0, 0, 2, 1], "rotation": 270, "texture": "#3"},
				"south": {"uv": [0, 0, 1, 2], "rotation": 180, "texture": "#3"},
				"west": {"uv": [0, 0, 2, 1], "rotation": 90, "texture": "#3"},
				"up": {"uv": [0, 0, 1, 1], "rotation": 180, "texture": "#3"},
				"down": {"uv": [0, 0, 1, 1], "texture": "#3"}
			}
		},
		{
			"from": [13, -2, 12],
			"to": [14, 0, 13],
			"rotation": {"angle": 0, "axis": "x", "origin": [0, 0, 16]},
			"faces": {
				"north": {"uv": [0, 0, 1, 2], "texture": "#3"},
				"east": {"uv": [0, 0, 2, 1], "rotation": 270, "texture": "#3"},
				"south": {"uv": [0, 0, 1, 2], "rotation": 180, "texture": "#3"},
				"west": {"uv": [0, 0, 2, 1], "rotation": 90, "texture": "#3"},
				"up": {"uv": [0, 0, 1, 1], "rotation": 180, "texture": "#3"},
				"down": {"uv": [0, 0, 1, 1], "texture": "#3"}
			}
		},
		{
			"from": [13, -2, 3],
			"to": [14, 0, 4],
			"rotation": {"angle": 0, "axis": "x", "origin": [0, 0, 16]},
			"faces": {
				"north": {"uv": [0, 0, 1, 2], "texture": "#3"},
				"east": {"uv": [0, 0, 2, 1], "rotation": 270, "texture": "#3"},
				"south": {"uv": [0, 0, 1, 2], "rotation": 180, "texture": "#3"},
				"west": {"uv": [0, 0, 2, 1], "rotation": 90, "texture": "#3"},
				"up": {"uv": [0, 0, 1, 1], "rotation": 180, "texture": "#3"},
				"down": {"uv": [0, 0, 1, 1], "texture": "#3"}
			}
		},
		{
			"from": [12, -2, 2],
			"to": [13, 0, 3],
			"rotation": {"angle": 0, "axis": "x", "origin": [0, 0, 16]},
			"faces": {
				"north": {"uv": [0, 0, 1, 2], "texture": "#3"},
				"east": {"uv": [0, 0, 2, 1], "rotation": 270, "texture": "#3"},
				"south": {"uv": [0, 0, 1, 2], "rotation": 180, "texture": "#3"},
				"west": {"uv": [0, 0, 2, 1], "rotation": 90, "texture": "#3"},
				"up": {"uv": [0, 0, 1, 1], "rotation": 180, "texture": "#3"},
				"down": {"uv": [0, 0, 1, 1], "texture": "#3"}
			}
		},
		{
			"from": [3, -2, 2],
			"to": [4, 0, 3],
			"rotation": {"angle": 0, "axis": "x", "origin": [0, 0, 16]},
			"faces": {
				"north": {"uv": [0, 0, 1, 2], "texture": "#3"},
				"east": {"uv": [0, 0, 2, 1], "rotation": 270, "texture": "#3"},
				"south": {"uv": [0, 0, 1, 2], "rotation": 180, "texture": "#3"},
				"west": {"uv": [0, 0, 2, 1], "rotation": 90, "texture": "#3"},
				"up": {"uv": [0, 0, 1, 1], "rotation": 180, "texture": "#3"},
				"down": {"uv": [0, 0, 1, 1], "texture": "#3"}
			}
		},
		{
			"from": [2, -2, 3],
			"to": [3, 0, 4],
			"rotation": {"angle": 0, "axis": "x", "origin": [0, 0, 16]},
			"faces": {
				"north": {"uv": [0, 0, 1, 2], "texture": "#3"},
				"east": {"uv": [0, 0, 2, 1], "rotation": 270, "texture": "#3"},
				"south": {"uv": [0, 0, 1, 2], "rotation": 180, "texture": "#3"},
				"west": {"uv": [0, 0, 2, 1], "rotation": 90, "texture": "#3"},
				"up": {"uv": [0, 0, 1, 1], "rotation": 180, "texture": "#3"},
				"down": {"uv": [0, 0, 1, 1], "texture": "#3"}
			}
		},
		{
			"from": [2, -2, 12],
			"to": [3, 0, 13],
			"rotation": {"angle": 0, "axis": "x", "origin": [0, 0, 16]},
			"faces": {
				"north": {"uv": [0, 0, 1, 2], "texture": "#3"},
				"east": {"uv": [0, 0, 2, 1], "rotation": 270, "texture": "#3"},
				"south": {"uv": [0, 0, 1, 2], "rotation": 180, "texture": "#3"},
				"west": {"uv": [0, 0, 2, 1], "rotation": 90, "texture": "#3"},
				"up": {"uv": [0, 0, 1, 1], "rotation": 180, "texture": "#3"},
				"down": {"uv": [0, 0, 1, 1], "texture": "#3"}
			}
		},
		{
			"from": [3, -2, 13],
			"to": [4, 0, 14],
			"rotation": {"angle": 0, "axis": "x", "origin": [0, 0, 16]},
			"faces": {
				"north": {"uv": [0, 0, 1, 2], "texture": "#3"},
				"east": {"uv": [0, 0, 2, 1], "rotation": 270, "texture": "#3"},
				"south": {"uv": [0, 0, 1, 2], "rotation": 180, "texture": "#3"},
				"west": {"uv": [0, 0, 2, 1], "rotation": 90, "texture": "#3"},
				"up": {"uv": [0, 0, 1, 1], "rotation": 180, "texture": "#3"},
				"down": {"uv": [0, 0, 1, 1], "texture": "#3"}
			}
		}
	],
	"display": {
		"thirdperson_righthand": {
			"rotation": [0, 0, 45],
			"translation": [0, 2, 0],
			"scale": [0.4, 0.4, 0.4]
		},
		"gui": {
			"rotation": [30, 50, 0],
			"scale": [0.6, 0.6, 0.6]
		}
	},
	"groups": [
		0,
		{
			"name": "lampe",
			"origin": [0, 0, 0],
			"color": 0,
			"children": [
				{
					"name": "lum",
					"origin": [0, 0, 0],
					"color": 0,
					"children": [1, 2, 3, 4, 5]
				},
				{
					"name": "lampefram",
					"origin": [0, 0, 0],
					"color": 0,
					"children": [6, 7, 8, 9, 10, 11, 12, 13, 14, 15, 16, 17]
				}
			]
		},
		{
			"name": "lampe",
			"origin": [0, 0, 0],
			"color": 0,
			"children": [
				{
					"name": "lum",
					"origin": [0, 0, 0],
					"color": 0,
					"children": [18, 19, 20, 21, 22]
				},
				{
					"name": "lampefram",
					"origin": [0, 0, 0],
					"color": 0,
					"children": [23, 24, 25, 26, 27, 28, 29, 30, 31, 32, 33, 34]
				}
			]
		},
		{
			"name": "lampe",
			"origin": [0, 0, 0],
			"color": 0,
			"children": [
				{
					"name": "lum",
					"origin": [0, 0, 0],
					"color": 0,
					"children": [35, 36, 37, 38, 39]
				},
				{
					"name": "lampefram",
					"origin": [0, 0, 0],
					"color": 0,
					"children": [40, 41, 42, 43, 44, 45, 46, 47, 48, 49, 50, 51]
				}
			]
		},
		{
			"name": "lampe",
			"origin": [0, 0, 0],
			"color": 0,
			"children": [
				{
					"name": "lum",
					"origin": [0, 0, 0],
					"color": 0,
					"children": [52, 53, 54, 55, 56]
				},
				{
					"name": "lampefram",
					"origin": [0, 0, 0],
					"color": 0,
					"children": [57, 58, 59, 60, 61, 62, 63, 64, 65, 66, 67, 68]
				}
			]
		},
		{
			"name": "lampe",
			"origin": [0, 0, 0],
			"color": 0,
			"children": [
				{
					"name": "lum",
					"origin": [0, 0, 0],
					"color": 0,
					"children": [69, 70, 71, 72, 73]
				},
				{
					"name": "lampefram",
					"origin": [0, 0, 0],
					"color": 0,
					"children": [74, 75, 76, 77, 78, 79, 80, 81, 82, 83, 84, 85]
				}
			]
		},
		{
			"name": "lampe",
			"origin": [0, 0, 0],
			"color": 0,
			"children": [
				{
					"name": "lum",
					"origin": [0, 0, 0],
					"color": 0,
					"children": [86, 87, 88, 89, 90]
				},
				{
					"name": "lampefram",
					"origin": [0, 0, 0],
					"color": 0,
					"children": [91, 92, 93, 94, 95, 96, 97, 98, 99, 100, 101, 102]
				}
			]
		}
	]
}