{
	"credit": "Made with Blockbench",
	"texture_size": [64, 64],
	"textures": {
		"0": "block/vent",
		"particle": "block/vent"
	},
	"elements": [
		{
			"from": [0, 0, 15],
			"to": [16, 8, 16],
			"faces": {
				"north": {"uv": [0, 0, 4, 2], "rotation": 180, "texture": "#0"},
				"east": {"uv": [3.75, 0, 4, 2], "rotation": 180, "texture": "#0"},
				"south": {"uv": [0, 0, 4, 2], "rotation": 180, "texture": "#0"},
				"west": {"uv": [0, 0, 0.25, 2], "rotation": 180, "texture": "#0"},
				"up": {"uv": [3.75, 1.75, 0, 2], "texture": "#0"},
				"down": {"uv": [4, 0.25, 0.25, 0], "texture": "#0"}
			}
		},
		{
			"from": [0, 0, 0],
			"to": [16, 8, 1],
			"faces": {
				"north": {"uv": [0, 0, 4, 2], "rotation": 180, "texture": "#0"},
				"east": {"uv": [0, 0, 0.25, 2], "rotation": 180, "texture": "#0"},
				"south": {"uv": [0, 0, 4, 2], "rotation": 180, "texture": "#0"},
				"west": {"uv": [3.75, 0, 4, 2], "rotation": 180, "texture": "#0"},
				"up": {"uv": [3.75, 1.75, 0, 2], "texture": "#0"},
				"down": {"uv": [4, 0.25, 0.25, 0], "texture": "#0"}
			}
		},
		{
			"from": [0, 0, 1],
			"to": [1, 8, 15],
			"faces": {
				"north": {"uv": [8, 10.5, 8.25, 12.5], "rotation": 180, "texture": "#0"},
				"east": {"uv": [0.25, 0, 3.75, 2], "rotation": 180, "texture": "#0"},
				"south": {"uv": [7.75, 10.5, 8, 12.5], "rotation": 180, "texture": "#0"},
				"west": {"uv": [0.25, 0, 3.75, 2], "rotation": 180, "texture": "#0"},
				"up": {"uv": [0.25, 2, 0, 5.5], "texture": "#0"},
				"down": {"uv": [0.5, 5.5, 0.25, 2], "texture": "#0"}
			}
		},
		{
			"from": [3, 0, 1],
			"to": [4, 8, 15],
			"faces": {
				"north": {"uv": [8.5, 10.5, 8.75, 12.5], "rotation": 180, "texture": "#0"},
				"east": {"uv": [0.25, 0, 3.75, 2], "rotation": 180, "texture": "#0"},
				"south": {"uv": [8.25, 10.5, 8.5, 12.5], "rotation": 180, "texture": "#0"},
				"west": {"uv": [0.25, 0, 3.75, 2], "rotation": 180, "texture": "#0"},
				"up": {"uv": [0.25, 2, 0, 5.5], "texture": "#0"},
				"down": {"uv": [0.5, 5.5, 0.25, 2], "texture": "#0"}
			}
		},
		{
			"from": [6, 0, 1],
			"to": [7, 8, 15],
			"faces": {
				"north": {"uv": [9, 10.5, 9.25, 12.5], "rotation": 180, "texture": "#0"},
				"east": {"uv": [0.25, 0, 3.75, 2], "rotation": 180, "texture": "#0"},
				"south": {"uv": [8.75, 10.5, 9, 12.5], "rotation": 180, "texture": "#0"},
				"west": {"uv": [0.25, 0, 3.75, 2], "rotation": 180, "texture": "#0"},
				"up": {"uv": [0.25, 2, 0, 5.5], "texture": "#0"},
				"down": {"uv": [0.5, 5.5, 0.25, 2], "texture": "#0"}
			}
		},
		{
			"from": [9, 0, 1],
			"to": [10, 8, 15],
			"faces": {
				"north": {"uv": [9.5, 10.5, 9.75, 12.5], "rotation": 180, "texture": "#0"},
				"east": {"uv": [0.25, 0, 3.75, 2], "rotation": 180, "texture": "#0"},
				"south": {"uv": [9.25, 10.5, 9.5, 12.5], "rotation": 180, "texture": "#0"},
				"west": {"uv": [0.25, 0, 3.75, 2], "rotation": 180, "texture": "#0"},
				"up": {"uv": [0.25, 2, 0, 5.5], "texture": "#0"},
				"down": {"uv": [0.5, 5.5, 0.25, 2], "texture": "#0"}
			}
		},
		{
			"from": [12, 0, 1],
			"to": [13, 8, 15],
			"faces": {
				"north": {"uv": [10, 10.5, 10.25, 12.5], "rotation": 180, "texture": "#0"},
				"east": {"uv": [0.25, 0, 3.75, 2], "rotation": 180, "texture": "#0"},
				"south": {"uv": [9.75, 10.5, 10, 12.5], "rotation": 180, "texture": "#0"},
				"west": {"uv": [0.25, 0, 3.75, 2], "rotation": 180, "texture": "#0"},
				"up": {"uv": [0.25, 2, 0, 5.5], "texture": "#0"},
				"down": {"uv": [0.5, 5.5, 0.25, 2], "texture": "#0"}
			}
		},
		{
			"from": [15, 0, 1],
			"to": [16, 8, 15],
			"faces": {
				"north": {"uv": [6.5, 10.5, 6.75, 12.5], "rotation": 180, "texture": "#0"},
				"east": {"uv": [0.25, 0, 3.75, 2], "rotation": 180, "texture": "#0"},
				"south": {"uv": [6.25, 10.5, 6.5, 12.5], "rotation": 180, "texture": "#0"},
				"west": {"uv": [0.25, 0, 3.75, 2], "rotation": 180, "texture": "#0"},
				"up": {"uv": [0.25, 2, 0, 5.5], "texture": "#0"},
				"down": {"uv": [0.5, 5.5, 0.25, 2], "texture": "#0"}
			}
		}
	],
	"display": {
		"thirdperson_righthand": {
			"translation": [0, 0, -0.5],
			"scale": [0.3, 0.3, 0.3]
		},
		"thirdperson_lefthand": {
			"translation": [0, 0, -0.5],
			"scale": [0.3, 0.3, 0.3]
		},
		"firstperson_righthand": {
			"translation": [1.25, 0, 0],
			"scale": [0.3, 0.3, 0.3]
		},
		"firstperson_lefthand": {
			"translation": [1.25, 0, 0],
			"scale": [0.3, 0.3, 0.3]
		},
		"ground": {
			"translation": [0, 1.5, 0],
			"scale": [0.3, 0.3, 0.3]
		},
		"gui": {
			"rotation": [15, 45, 0],
			"scale": [0.7, 0.7, 0.7]
		}
	}
}