{
	"credit": "Made with Blockbench",
	"textures": {
		"0": "item/digicode",
		"particle": "item/digicode"
	},
	"elements": [
		{
			"from": [3, 8, 7],
			"to": [14, 24, 9],
			"faces": {
				"north": {"uv": [2.5, 0, 13, 16], "texture": "#0"},
				"east": {"uv": [2.5, 3.5, 3.5, 6.5], "texture": "#0"},
				"south": {"uv": [5.5, 0.5, 7, 3.5], "texture": "#0"},
				"west": {"uv": [2.5, 3.5, 3.5, 6.5], "texture": "#0"},
				"up": {"uv": [2.5, 3.5, 3.5, 6.5], "texture": "#0"},
				"down": {"uv": [2.5, 3.5, 3.5, 6.5], "texture": "#0"}
			}
		}
	],
	"display": {
		"thirdperson_righthand": {
			"rotation": [0, 180, 0],
			"scale": [0.6, 0.6, 0.6]
		},
		"thirdperson_lefthand": {
			"rotation": [0, 180, 0],
			"scale": [0.6, 0.6, 0.6]
		},
		"firstperson_righthand": {
			"rotation": [0, 180, 0],
			"scale": [0.6, 0.6, 0.6]
		},
		"firstperson_lefthand": {
			"rotation": [0, 180, 0],
			"scale": [0.6, 0.6, 0.6]
		},
		"ground": {
			"scale": [0.6, 0.6, 0.6]
		},
		"gui": {
			"rotation": [0, 180, 0],
			"translation": [0, -6.5, 0],
			"scale": [0.8, 0.8, 0.8]
		},
		"head": {
			"scale": [0.6, 0.6, 0.6]
		},
		"fixed": {
			"translation": [0, -42.5, -1],
			"scale": [1.2, 1.2, 1.2]
		}
	}
}