{
	"credit": "Made with Blockbench",
	"texture_size": [64, 64],
	"textures": {
		"0": "item/computer",
		"particle": "item/computer"
	},
	"elements": [
		{
			"name": "tour",
			"from": [2, 0, 5],
			"to": [14, 4.5, 17],
			"faces": {
				"north": {"uv": [0, 6, 3, 7.125], "texture": "#0"},
				"east": {"uv": [7, 0, 10, 1.125], "texture": "#0"},
				"south": {"uv": [7, 1.25, 10, 2.375], "texture": "#0"},
				"west": {"uv": [7, 2.5, 10, 3.625], "texture": "#0"},
				"up": {"uv": [3, 3, 0, 0], "texture": "#0"},
				"down": {"uv": [3, 3, 0, 6], "texture": "#0"}
			}
		},
		{
			"name": "clavier",
			"from": [3.75, 0, 0.75],
			"to": [15.75, 0.5, 4.75],
			"faces": {
				"north": {"uv": [8, 5.75, 11, 5.875], "texture": "#0"},
				"east": {"uv": [5.25, 8.5, 6.25, 8.625], "texture": "#0"},
				"south": {"uv": [8, 6, 11, 6.125], "texture": "#0"},
				"west": {"uv": [6.25, 8.5, 7.25, 8.625], "texture": "#0"},
				"up": {"uv": [10, 4.75, 7, 3.75], "texture": "#0"},
				"down": {"uv": [7.5, 7.5, 4.5, 8.5], "texture": "#0"}
			}
		},
		{
			"from": [3, 5, 7],
			"to": [13, 15, 9],
			"faces": {
				"north": {"uv": [3, 0, 5.5, 2.5], "texture": "#0"},
				"east": {"uv": [7.5, 4.75, 8, 7.25], "texture": "#0"},
				"south": {"uv": [3, 2.5, 5.5, 5], "texture": "#0"},
				"west": {"uv": [7.5, 7.25, 8, 9.75], "texture": "#0"},
				"up": {"uv": [10.5, 5.25, 8, 4.75], "texture": "#0"},
				"down": {"uv": [10.5, 5.25, 8, 5.75], "texture": "#0"}
			}
		},
		{
			"from": [3.5, 5, 9],
			"to": [12.5, 14.5, 15],
			"faces": {
				"north": {"uv": [3, 5, 5.25, 7.375], "texture": "#0"},
				"east": {"uv": [5.5, 0, 7, 2.375], "texture": "#0"},
				"south": {"uv": [5.25, 5, 7.5, 7.375], "texture": "#0"},
				"west": {"uv": [5.5, 2.5, 7, 4.875], "texture": "#0"},
				"up": {"uv": [2.25, 8.75, 0, 7.25], "texture": "#0"},
				"down": {"uv": [4.5, 7.5, 2.25, 9], "texture": "#0"}
			}
		},
		{
			"from": [7, 4.5, 9],
			"to": [9, 5.5, 11],
			"faces": {
				"north": {"uv": [7, 4.75, 7.5, 5], "texture": "#0"},
				"east": {"uv": [8.5, 6.25, 9, 6.5], "texture": "#0"},
				"south": {"uv": [8.5, 6.5, 9, 6.75], "texture": "#0"},
				"west": {"uv": [8.5, 6.75, 9, 7], "texture": "#0"},
				"up": {"uv": [8.5, 8.25, 8, 7.75], "texture": "#0"},
				"down": {"uv": [8.5, 8.25, 8, 8.75], "texture": "#0"}
			}
		},
		{
			"from": [0.75, 0, 1],
			"to": [2.75, 1, 4],
			"faces": {
				"north": {"uv": [8.5, 7, 9, 7.25], "texture": "#0"},
				"east": {"uv": [2.25, 7.25, 3, 7.5], "texture": "#0"},
				"south": {"uv": [8.5, 7.25, 9, 7.5], "texture": "#0"},
				"west": {"uv": [4.5, 8.5, 5.25, 8.75], "texture": "#0"},
				"up": {"uv": [8.5, 7, 8, 6.25], "texture": "#0"},
				"down": {"uv": [8.5, 7, 8, 7.75], "texture": "#0"}
			}
		},
		{
			"from": [1.5, 1, 3],
			"to": [2, 1.25, 3.5],
			"faces": {
				"north": {"uv": [7.25, 8.5, 7.375, 8.625], "texture": "#0"},
				"east": {"uv": [8.5, 7.5, 8.625, 7.625], "texture": "#0"},
				"south": {"uv": [8.5, 7.75, 8.625, 7.875], "texture": "#0"},
				"west": {"uv": [8.5, 8, 8.625, 8.125], "texture": "#0"},
				"up": {"uv": [8.625, 8.375, 8.5, 8.25], "texture": "#0"},
				"down": {"uv": [8.625, 8.5, 8.5, 8.625], "texture": "#0"}
			}
		}
	],
	"display": {
		"thirdperson_righthand": {
			"rotation": [0, 180, 0],
			"scale": [0.3, 0.3, 0.3]
		},
		"thirdperson_lefthand": {
			"rotation": [0, 180, 0],
			"scale": [0.3, 0.3, 0.3]
		},
		"firstperson_righthand": {
			"rotation": [0, 145, 0],
			"scale": [0.35, 0.35, 0.35]
		},
		"firstperson_lefthand": {
			"rotation": [0, 145, 0],
			"scale": [0.35, 0.35, 0.35]
		},
		"ground": {
			"translation": [0, 4, 0]
		},
		"gui": {
			"rotation": [15, 168, 0],
			"translation": [0, 0.75, 0],
			"scale": [0.8, 0.8, 0.8]
		},
		"fixed": {
			"rotation": [-90, 0, 0],
			"translation": [0, -1.75, -16],
			"scale": [2, 2, 2]
		}
	},
	"groups": [
		{
			"name": "tout",
			"origin": [8, 8, 8],
			"color": 0,
			"children": [
				0,
				1,
				{
					"name": "écran",
					"origin": [0, 0, 0],
					"color": 0,
					"children": [2, 3, 4]
				},
				{
					"name": "souris",
					"origin": [0, 0, 0],
					"color": 0,
					"children": [5, 6]
				}
			]
		}
	]
}