{
	"credit": "Made with Blockbench",
	"textures": {
		"0": "item/cam",
		"particle": "item/cam"
	},
	"elements": [
		{
			"from": [6, 8.75, 8.25],
			"to": [14, 11.75, 11.25],
			"rotation": {"angle": 22.5, "axis": "z", "origin": [12.5, 8.75, 9.25]},
			"faces": {
				"north": {"uv": [0, 0, 8, 3], "texture": "#0"},
				"east": {"uv": [8, 3, 11, 6], "texture": "#0"},
				"south": {"uv": [0, 3, 8, 6], "texture": "#0"},
				"west": {"uv": [8, 6, 11, 9], "texture": "#0"},
				"up": {"uv": [8, 9, 0, 6], "texture": "#0"},
				"down": {"uv": [16, 0, 8, 3], "texture": "#0"}
			}
		},
		{
			"from": [15.5, 6.5, 8.5],
			"to": [16, 9, 11],
			"rotation": {"angle": -22.5, "axis": "y", "origin": [15.5, 6.5, 8.5]},
			"faces": {
				"north": {"uv": [11, 3, 12, 6], "texture": "#0"},
				"east": {"uv": [0, 9, 3, 12], "texture": "#0"},
				"south": {"uv": [6, 11, 7, 14], "texture": "#0"},
				"west": {"uv": [3, 9, 6, 12], "texture": "#0"},
				"up": {"uv": [12, 9, 11, 6], "texture": "#0"},
				"down": {"uv": [8, 11, 7, 14], "texture": "#0"}
			}
		},
		{
			"from": [11.5, 7.25, 9.25],
			"to": [15.5, 8.25, 10.25],
			"faces": {
				"north": {"uv": [6, 9, 10, 10], "texture": "#0"},
				"east": {"uv": [8, 11, 9, 12], "texture": "#0"},
				"south": {"uv": [6, 10, 10, 11], "texture": "#0"},
				"west": {"uv": [9, 11, 10, 12], "texture": "#0"},
				"up": {"uv": [14, 10, 10, 9], "texture": "#0"},
				"down": {"uv": [14, 10, 10, 11], "texture": "#0"}
			}
		},
		{
			"from": [11.5, 8.25, 9.25],
			"to": [12.5, 8.75, 10.25],
			"faces": {
				"north": {"uv": [10, 11, 11, 12], "texture": "#0"},
				"east": {"uv": [11, 11, 12, 12], "texture": "#0"},
				"south": {"uv": [0, 12, 1, 13], "texture": "#0"},
				"west": {"uv": [1, 12, 2, 13], "texture": "#0"},
				"up": {"uv": [3, 13, 2, 12], "texture": "#0"},
				"down": {"uv": [4, 12, 3, 13], "texture": "#0"}
			}
		}
	],
	"display": {
		"thirdperson_righthand": {
			"rotation": [25, -90, 0],
			"translation": [1.5, 0, -3.75]
		},
		"thirdperson_lefthand": {
			"rotation": [25, 90, 0],
			"translation": [-1.5, 0, -3.75]
		},
		"firstperson_righthand": {
			"rotation": [0, -90, 0],
			"translation": [-1.5, 3.5, 0]
		},
		"firstperson_lefthand": {
			"rotation": [0, 90, 0],
			"translation": [-3, 3.25, 0]
		},
		"gui": {
			"rotation": [0, 133, 0]
		},
		"fixed": {
			"rotation": [0, -68, 0],
			"translation": [0, 0, -15.25],
			"scale": [2, 2, 2]
		}
	}
}