{
	"credit": "Made with Blockbench",
	"textures": {
		"1": "flags/en"
	},
	"elements": [
		{
			"from": [0, 0, 8],
			"to": [16, 16, 8],
			"faces": {
				"north": {"uv": [0, 0, 16, 16], "texture": "#1"},
				"east": {"uv": [0, 0, 0, 16], "texture": "#1"},
				"south": {"uv": [0, 16, 16, 32], "texture": "#1"},
				"west": {"uv": [0, 0, 0, 16], "texture": "#1"},
				"up": {"uv": [16, 0, 0, 0], "texture": "#1"},
				"down": {"uv": [16, 0, 0, 0], "texture": "#1"}
			}
		}
	],
	"display": {
		"gui": {
			"rotation": [180, 0, 180],
			"translation": [0, 0, 80],
			"scale": [1.03, 1.03, 1.03]
		}
	}
}