{
	"credit": "Made with Blockbench",
	"textures": {
		"0": "item/cardboard",
		"1": "item/cardboard3",
		"3": "item/cardboard5",
		"particle": "item/cardboard"
	},
	"elements": [
		{
			"from": [0, 0, 2],
			"to": [16, 0, 14],
			"faces": {
				"north": {"uv": [0, 0, 8, 0], "texture": "#0"},
				"east": {"uv": [0, 0, 6, 0], "texture": "#0"},
				"south": {"uv": [0, 0, 8, 0], "texture": "#0"},
				"west": {"uv": [0, 0, 6, 0], "texture": "#0"},
				"up": {"uv": [8, 6, 0, 0], "texture": "#0"},
				"down": {"uv": [8, 6, 0, 12], "texture": "#0"}
			}
		},
		{
			"from": [0, 0, -2],
			"to": [16, 0, 2],
			"faces": {
				"north": {"uv": [0, 0, 16, 0], "texture": "#1"},
				"east": {"uv": [0, 0, 4, 0], "texture": "#1"},
				"south": {"uv": [0, 0, 16, 0], "texture": "#1"},
				"west": {"uv": [0, 0, 4, 0], "texture": "#1"},
				"up": {"uv": [16, 4, 0, 0], "texture": "#1"},
				"down": {"uv": [16, 4, 0, 8], "texture": "#1"}
			}
		},
		{
			"from": [0, 0, 14],
			"to": [16, 0, 18],
			"faces": {
				"north": {"uv": [0, 0, 16, 0], "texture": "#1"},
				"east": {"uv": [0, 0, 4, 0], "texture": "#1"},
				"south": {"uv": [0, 0, 16, 0], "texture": "#1"},
				"west": {"uv": [0, 0, 4, 0], "texture": "#1"},
				"up": {"uv": [16, 4, 0, 0], "texture": "#1"},
				"down": {"uv": [16, 4, 0, 8], "texture": "#1"}
			}
		},
		{
			"from": [-4, 0, 2],
			"to": [0, 0, 14],
			"faces": {
				"north": {"uv": [0, 0, 4, 0], "texture": "#3"},
				"east": {"uv": [0, 0, 12, 0], "texture": "#3"},
				"south": {"uv": [0, 0, 4, 0], "texture": "#3"},
				"west": {"uv": [0, 0, 12, 0], "texture": "#3"},
				"up": {"uv": [0, 0, 4, 12], "texture": "#3"},
				"down": {"uv": [4, 0, 8, 12], "texture": "#3"}
			}
		},
		{
			"from": [16, 0, 2],
			"to": [20, 0, 14],
			"faces": {
				"north": {"uv": [0, 0, 4, 0], "texture": "#3"},
				"east": {"uv": [0, 0, 12, 0], "texture": "#3"},
				"south": {"uv": [0, 0, 4, 0], "texture": "#3"},
				"west": {"uv": [0, 0, 12, 0], "texture": "#3"},
				"up": {"uv": [0, 0, 4, 12], "texture": "#3"},
				"down": {"uv": [4, 0, 8, 12], "texture": "#3"}
			}
		}
	],
	"display": {
		"thirdperson_righthand": {
			"translation": [0, 3.25, 0],
			"scale": [0.5, 0.5, 0.5]
		},
		"gui": {
			"rotation": [90, 0, 0],
			"translation": [0, 0, -21.75],
			"scale": [0.5, 0.5, 0.5]
		},
		"fixed": {
			"rotation": [90, 0, 0],
			"translation": [0, 0, 23.75],
			"scale": [3, 3, 3]
		}
	}
}