{
	"parent": "item/generated",
	"textures": {
		"layer0": "item/quartz"
	},
	
	"overrides": [
		{"predicate": {"custom_model_data":0}, "model": "item/lobby_white"},
		{"predicate": {"custom_model_data":1}, "model": "item/lobby_white1"},
		{"predicate": {"custom_model_data":2}, "model": "item/lobby_white2"},
		{"predicate": {"custom_model_data":3}, "model": "item/lobby_white3"},
		{"predicate": {"custom_model_data":4}, "model": "item/lobby_white4"},
		{"predicate": {"custom_model_data":5}, "model": "item/lobby_white5"},
		{"predicate": {"custom_model_data":6}, "model": "item/lobby_white6"}
	]
}