{
	"credit": "Made with Blockbench",
	"texture_size": [32, 32],
	"textures": {
		"0": "item/the_end",
		"particle": "item/the_end"
	},
	"elements": [
		{
			"name": "I",
			"from": [23, 3, 0],
			"to": [24, 8, 1],
			"faces": {
				"north": {"uv": [0, 0, 0.5, 2.5], "texture": "#0"},
				"east": {"uv": [0, 0, 0.5, 2.5], "texture": "#0"},
				"south": {"uv": [0, 0, 0.5, 2.5], "texture": "#0"},
				"west": {"uv": [0, 0, 0.5, 2.5], "texture": "#0"},
				"up": {"uv": [0, 0, 0.5, 0.5], "texture": "#0"},
				"down": {"uv": [0, 0, 0.5, 0.5], "texture": "#0"}
			}
		},
		{
			"from": [19, 7, 0],
			"to": [21, 8, 1],
			"faces": {
				"north": {"uv": [0, 0, 1, 0.5], "texture": "#0"},
				"east": {"uv": [0, 0, 0.5, 0.5], "texture": "#0"},
				"south": {"uv": [0, 0, 1, 0.5], "texture": "#0"},
				"west": {"uv": [0, 0, 0.5, 0.5], "texture": "#0"},
				"up": {"uv": [0, 0, 1, 0.5], "texture": "#0"},
				"down": {"uv": [0, 0, 1, 0.5], "texture": "#0"}
			}
		},
		{
			"from": [21, 6, 0],
			"to": [22, 8, 1],
			"faces": {
				"north": {"uv": [0, 0, 0.5, 1], "texture": "#0"},
				"east": {"uv": [0, 0, 0.5, 1], "texture": "#0"},
				"south": {"uv": [0, 0, 0.5, 1], "texture": "#0"},
				"west": {"uv": [0, 0, 0.5, 1], "texture": "#0"},
				"up": {"uv": [0, 0, 0.5, 0.5], "texture": "#0"},
				"down": {"uv": [0, 0, 0.5, 0.5], "texture": "#0"}
			}
		},
		{
			"from": [19, 4, 0],
			"to": [20, 6, 1],
			"faces": {
				"north": {"uv": [0, 0, 0.5, 1], "texture": "#0"},
				"east": {"uv": [0, 0, 0.5, 1], "texture": "#0"},
				"south": {"uv": [0, 0, 0.5, 1], "texture": "#0"},
				"west": {"uv": [0, 0, 0.5, 1], "texture": "#0"},
				"up": {"uv": [0, 0, 0.5, 0.5], "texture": "#0"},
				"down": {"uv": [0, 0, 0.5, 0.5], "texture": "#0"}
			}
		},
		{
			"from": [20, 5, 0],
			"to": [22, 6, 1],
			"faces": {
				"north": {"uv": [0, 0, 1, 0.5], "texture": "#0"},
				"east": {"uv": [0, 0, 0.5, 0.5], "texture": "#0"},
				"south": {"uv": [0, 0, 1, 0.5], "texture": "#0"},
				"west": {"uv": [0, 0, 0.5, 0.5], "texture": "#0"},
				"up": {"uv": [0, 0, 1, 0.5], "texture": "#0"},
				"down": {"uv": [0, 0, 1, 0.5], "texture": "#0"}
			}
		},
		{
			"from": [19, 3, 0],
			"to": [22, 4, 1],
			"faces": {
				"north": {"uv": [0, 0, 1.5, 0.5], "texture": "#0"},
				"east": {"uv": [0, 0, 0.5, 0.5], "texture": "#0"},
				"south": {"uv": [0, 0, 1.5, 0.5], "texture": "#0"},
				"west": {"uv": [0, 0, 0.5, 0.5], "texture": "#0"},
				"up": {"uv": [0, 0, 1.5, 0.5], "texture": "#0"},
				"down": {"uv": [0, 0, 1.5, 0.5], "texture": "#0"}
			}
		},
		{
			"from": [7, 0, 0],
			"to": [8, 12, 1],
			"rotation": {"angle": 0, "axis": "y", "origin": [13, 0, -15]},
			"faces": {
				"north": {"uv": [0.5, 6.5, 1, 12.5], "texture": "#0"},
				"east": {"uv": [1, 6.5, 1.5, 12.5], "texture": "#0"},
				"south": {"uv": [1.5, 6.5, 2, 12.5], "texture": "#0"},
				"west": {"uv": [6.5, 6, 7, 12], "texture": "#0"},
				"up": {"uv": [5.5, 13, 5, 12.5], "texture": "#0"},
				"down": {"uv": [6, 12.5, 5.5, 13], "texture": "#0"}
			}
		},
		{
			"from": [7, 0, 0],
			"to": [8, 12.5, 1],
			"rotation": {"angle": -22.5, "axis": "z", "origin": [8, 0, 0]},
			"faces": {
				"north": {"uv": [0, 0, 0.5, 6.5], "texture": "#0"},
				"east": {"uv": [0.5, 0, 1, 6.5], "texture": "#0"},
				"south": {"uv": [1, 0, 1.5, 6.5], "texture": "#0"},
				"west": {"uv": [1.5, 0, 2, 6.5], "texture": "#0"},
				"up": {"uv": [6.5, 13, 6, 12.5], "texture": "#0"},
				"down": {"uv": [7, 12.5, 6.5, 13], "texture": "#0"}
			}
		},
		{
			"from": [12, 0, 0],
			"to": [13, 12, 1],
			"rotation": {"angle": 0, "axis": "y", "origin": [13, 0, -15]},
			"faces": {
				"north": {"uv": [7, 0, 7.5, 6], "texture": "#0"},
				"east": {"uv": [7, 6, 7.5, 12], "texture": "#0"},
				"south": {"uv": [7.5, 0, 8, 6], "texture": "#0"},
				"west": {"uv": [7.5, 6, 8, 12], "texture": "#0"},
				"up": {"uv": [13, 7, 12.5, 6.5], "texture": "#0"},
				"down": {"uv": [7.5, 12.5, 7, 13], "texture": "#0"}
			}
		},
		{
			"from": [1, 11, 0],
			"to": [5, 12, 1],
			"rotation": {"angle": 0, "axis": "y", "origin": [0, 0, -15]},
			"faces": {
				"north": {"uv": [10, 9.5, 12, 10], "texture": "#0"},
				"east": {"uv": [1, 12.5, 1.5, 13], "texture": "#0"},
				"south": {"uv": [9, 10.5, 11, 11], "texture": "#0"},
				"west": {"uv": [1.5, 12.5, 2, 13], "texture": "#0"},
				"up": {"uv": [10, 11.5, 8, 11], "texture": "#0"},
				"down": {"uv": [12, 11, 10, 11.5], "texture": "#0"}
			}
		},
		{
			"from": [5, 0, 0],
			"to": [6, 12, 1],
			"rotation": {"angle": 0, "axis": "y", "origin": [0, 0, -15]},
			"faces": {
				"north": {"uv": [5.5, 6, 6, 12], "texture": "#0"},
				"east": {"uv": [6, 6, 6.5, 12], "texture": "#0"},
				"south": {"uv": [0, 6.5, 0.5, 12.5], "texture": "#0"},
				"west": {"uv": [6.5, 0, 7, 6], "texture": "#0"},
				"up": {"uv": [2.5, 13, 2, 12.5], "texture": "#0"},
				"down": {"uv": [3, 12.5, 2.5, 13], "texture": "#0"}
			}
		},
		{
			"from": [1, 6, 0],
			"to": [5, 7, 1],
			"rotation": {"angle": 0, "axis": "y", "origin": [0, 0, -15]},
			"faces": {
				"north": {"uv": [11, 10, 13, 10.5], "texture": "#0"},
				"east": {"uv": [3, 12.5, 3.5, 13], "texture": "#0"},
				"south": {"uv": [11, 10.5, 13, 11], "texture": "#0"},
				"west": {"uv": [3.5, 12.5, 4, 13], "texture": "#0"},
				"up": {"uv": [10, 12, 8, 11.5], "texture": "#0"},
				"down": {"uv": [12, 11.5, 10, 12], "texture": "#0"}
			}
		},
		{
			"from": [1, 0, 0],
			"to": [5, 1, 1],
			"rotation": {"angle": 0, "axis": "y", "origin": [0, 0, -15]},
			"faces": {
				"north": {"uv": [2, 12, 4, 12.5], "texture": "#0"},
				"east": {"uv": [4, 12.5, 4.5, 13], "texture": "#0"},
				"south": {"uv": [12, 2, 14, 2.5], "texture": "#0"},
				"west": {"uv": [4.5, 12.5, 5, 13], "texture": "#0"},
				"up": {"uv": [14, 3, 12, 2.5], "texture": "#0"},
				"down": {"uv": [14, 3, 12, 3.5], "texture": "#0"}
			}
		},
		{
			"from": [-2, 4, 0],
			"to": [-1, 7, 1],
			"faces": {
				"north": {"uv": [0, 0, 0.5, 1.5], "texture": "#0"},
				"east": {"uv": [0, 0, 0.5, 1.5], "texture": "#0"},
				"south": {"uv": [0, 0, 0.5, 1.5], "texture": "#0"},
				"west": {"uv": [0, 0, 0.5, 1.5], "texture": "#0"},
				"up": {"uv": [0, 0, 0.5, 0.5], "texture": "#0"},
				"down": {"uv": [0, 0, 0.5, 0.5], "texture": "#0"}
			}
		},
		{
			"from": [-5, 3, 0],
			"to": [-4, 8, 1],
			"faces": {
				"north": {"uv": [0, 0, 0.5, 2.5], "texture": "#0"},
				"east": {"uv": [0, 0, 0.5, 2.5], "texture": "#0"},
				"south": {"uv": [0, 0, 0.5, 2.5], "texture": "#0"},
				"west": {"uv": [0, 0, 0.5, 2.5], "texture": "#0"},
				"up": {"uv": [0, 0, 0.5, 0.5], "texture": "#0"},
				"down": {"uv": [0, 0, 0.5, 0.5], "texture": "#0"}
			}
		},
		{
			"from": [-4, 7, 0],
			"to": [-2, 8, 1],
			"faces": {
				"north": {"uv": [0, 0, 1, 0.5], "texture": "#0"},
				"east": {"uv": [0, 0, 0.5, 0.5], "texture": "#0"},
				"south": {"uv": [0, 0, 1, 0.5], "texture": "#0"},
				"west": {"uv": [0, 0, 0.5, 0.5], "texture": "#0"},
				"up": {"uv": [0, 0, 1, 0.5], "texture": "#0"},
				"down": {"uv": [0, 0, 1, 0.5], "texture": "#0"}
			}
		},
		{
			"from": [-4, 3, 0],
			"to": [-2, 4, 1],
			"faces": {
				"north": {"uv": [0, 0, 1, 0.5], "texture": "#0"},
				"east": {"uv": [0, 0, 0.5, 0.5], "texture": "#0"},
				"south": {"uv": [0, 0, 1, 0.5], "texture": "#0"},
				"west": {"uv": [0, 0, 0.5, 0.5], "texture": "#0"},
				"up": {"uv": [0, 0, 1, 0.5], "texture": "#0"},
				"down": {"uv": [0, 0, 1, 0.5], "texture": "#0"}
			}
		},
		{
			"from": [-12, 7, 0],
			"to": [-11, 12, 1],
			"rotation": {"angle": 0, "axis": "y", "origin": [-6, 0, -15]},
			"faces": {
				"north": {"uv": [0.5, 6.5, 1, 12.5], "texture": "#0"},
				"east": {"uv": [1, 6.5, 1.5, 12.5], "texture": "#0"},
				"south": {"uv": [1.5, 6.5, 2, 12.5], "texture": "#0"},
				"west": {"uv": [6.5, 6, 7, 12], "texture": "#0"},
				"up": {"uv": [5.5, 13, 5, 12.5], "texture": "#0"},
				"down": {"uv": [6, 12.5, 5.5, 13], "texture": "#0"}
			}
		},
		{
			"from": [-11, 11, 0],
			"to": [-7, 12, 1],
			"rotation": {"angle": 0, "axis": "y", "origin": [-6, 0, -15]},
			"faces": {
				"north": {"uv": [0.5, 6.5, 1, 12.5], "texture": "#0"},
				"east": {"uv": [1, 6.5, 1.5, 12.5], "texture": "#0"},
				"south": {"uv": [1.5, 6.5, 2, 12.5], "texture": "#0"},
				"west": {"uv": [6.5, 6, 7, 12], "texture": "#0"},
				"up": {"uv": [5.5, 13, 5, 12.5], "texture": "#0"},
				"down": {"uv": [6, 12.5, 5.5, 13], "texture": "#0"}
			}
		},
		{
			"from": [-11, 6, 0],
			"to": [-7, 7, 1],
			"rotation": {"angle": 0, "axis": "y", "origin": [-6, 0, -15]},
			"faces": {
				"north": {"uv": [0.5, 6.5, 1, 12.5], "texture": "#0"},
				"east": {"uv": [1, 6.5, 1.5, 12.5], "texture": "#0"},
				"south": {"uv": [1.5, 6.5, 2, 12.5], "texture": "#0"},
				"west": {"uv": [6.5, 6, 7, 12], "texture": "#0"},
				"up": {"uv": [5.5, 13, 5, 12.5], "texture": "#0"},
				"down": {"uv": [6, 12.5, 5.5, 13], "texture": "#0"}
			}
		},
		{
			"from": [-12, 0, 0],
			"to": [-11, 6.5, 1],
			"rotation": {"angle": -22.5, "axis": "z", "origin": [-11, 0, 0]},
			"faces": {
				"north": {"uv": [0, 0, 0.5, 6.5], "texture": "#0"},
				"east": {"uv": [0.5, 0, 1, 6.5], "texture": "#0"},
				"south": {"uv": [1, 0, 1.5, 6.5], "texture": "#0"},
				"west": {"uv": [1.5, 0, 2, 6.5], "texture": "#0"},
				"up": {"uv": [6.5, 13, 6, 12.5], "texture": "#0"},
				"down": {"uv": [7, 12.5, 6.5, 13], "texture": "#0"}
			}
		},
		{
			"from": [-7, 0, 0],
			"to": [-6, 12, 1],
			"rotation": {"angle": 0, "axis": "y", "origin": [-6, 0, -15]},
			"faces": {
				"north": {"uv": [7, 0, 7.5, 6], "texture": "#0"},
				"east": {"uv": [7, 6, 7.5, 12], "texture": "#0"},
				"south": {"uv": [7.5, 0, 8, 6], "texture": "#0"},
				"west": {"uv": [7.5, 6, 8, 12], "texture": "#0"},
				"up": {"uv": [13, 7, 12.5, 6.5], "texture": "#0"},
				"down": {"uv": [7.5, 12.5, 7, 13], "texture": "#0"}
			}
		}
	],
	"display": {
		"thirdperson_righthand": {
			"translation": [0, 0, 2.25],
			"scale": [0.3, 0.3, 0.3]
		},
		"thirdperson_lefthand": {
			"translation": [0, 0, 2.25],
			"scale": [0.3, 0.3, 0.3]
		},
		"firstperson_righthand": {
			"translation": [1.75, -1.25, 0],
			"scale": [0.3, 0.3, 0.3]
		},
		"firstperson_lefthand": {
			"translation": [1.75, -1.25, 0],
			"scale": [0.3, 0.3, 0.3]
		},
		"ground": {
			"translation": [0, 4.5, 0]
		},
		"gui": {
			"translation": [0, 0.25, 0],
			"scale": [-0.3, 0.3, 0.3]
		},
		"fixed": {
			"translation": [0, 6, 21],
			"scale": [3, 3, 3]
		}
	},
	"groups": [
		0,
		{
			"name": "s",
			"origin": [0, 0, 0],
			"color": 0,
			"children": [1, 2, 3, 4, 5]
		},
		{
			"name": "N",
			"origin": [0, 0, 0],
			"color": 0,
			"children": [6, 7, 8]
		},
		{
			"name": "E",
			"origin": [0, 0, 0],
			"color": 0,
			"children": [9, 10, 11, 12]
		},
		{
			"name": "a",
			"origin": [0, 0, 0],
			"color": 0,
			"children": [13, 14, 15, 16]
		},
		{
			"name": "R",
			"origin": [0, 0, 0],
			"color": 0,
			"children": [17, 18, 19, 20, 21]
		}
	]
}