{
	"credit": "Made with Blockbench",
	"texture_size": [32, 32],
	"textures": {
		"0": "item/tpassword",
		"particle": "item/tpassword"
	},
	"elements": [
		{
			"from": [1, 1, 7],
			"to": [15, 15, 8],
			"faces": {
				"north": {"uv": [0, 0, 7, 7], "texture": "#0"},
				"east": {"uv": [6.5, 0, 7, 7], "texture": "#0"},
				"south": {"uv": [0, 0, 7, 7], "texture": "#0"},
				"west": {"uv": [0, 0, 0.5, 7], "texture": "#0"},
				"up": {"uv": [7, 7, 0, 6.5], "texture": "#0"},
				"down": {"uv": [7, 0, 0, 0.5], "texture": "#0"}
			}
		}
	],
	"display": {
		"thirdperson_righthand": {
			"rotation": [0, 89, 0],
			"translation": [0, -0.75, -2.5],
			"scale": [0.5, 0.5, 0.5]
		},
		"thirdperson_lefthand": {
			"rotation": [0, 89, 0],
			"translation": [0, -0.75, -2.5],
			"scale": [0.5, 0.5, 0.5]
		},
		"ground": {
			"scale": [0.6, 0.6, 0.6]
		},
		"fixed": {
			"scale": [2, 2, 2]
		}
	}
}