{
	"credit": "Made with Blockbench",
	"textures": {
		"0": "item/theend_postit_down",
		"1": "item/theend_postit"
	},
	"elements": [
		{
			"from": [0, 0, 7.5],
			"to": [16, 16, 7.5],
			"faces": {
				"north": {"uv": [0, 0, 16, 16], "texture": "#0"},
				"east": {"uv": [0, 0, 0, 16], "texture": "#0"},
				"south": {"uv": [0, 0, 16, 16], "texture": "#1"},
				"west": {"uv": [0, 0, 0, 16], "texture": "#0"},
				"up": {"uv": [0, 0, 16, 0], "texture": "#0"},
				"down": {"uv": [0, 0, 16, 0], "texture": "#0"}
			}
		}
	],
	"display": {
		"thirdperson_righthand": {
			"rotation": [0, 0, 17],
			"translation": [0, 2.75, 0.75],
			"scale": [0.4, 0.4, 0.4]
		},
		"thirdperson_lefthand": {
			"rotation": [0, 0, 17],
			"translation": [0, 2.75, 0.75],
			"scale": [0.4, 0.4, 0.4]
		},
		"firstperson_righthand": {
			"rotation": [0, 0, 6],
			"translation": [-0.5, 4.25, 0.75],
			"scale": [0.6, 0.6, 0.6]
		},
		"firstperson_lefthand": {
			"rotation": [0, 0, 6],
			"translation": [-0.5, 4.25, 0.75],
			"scale": [0.6, 0.6, 0.6]
		},
		"ground": {
			"rotation": [90, 0, 0],
			"translation": [0, -2.25, 0],
			"scale": [0.6, 0.6, 0.6]
		},
		"gui": {
			"scale": [0.9, 0.9, 0.9]
		},
		"fixed": {
			"rotation": [0, 180, 0]
		}
	}
}