{
	"credit": "Made with Blockbench",
	"textures": {
		"0": "item/theend_map_safe",
		"particle": "item/theend_map_safe"
	},
	"elements": [
		{
			"from": [-8, 0, 6.5],
			"to": [24, 16, 6.5],
			"faces": {
				"north": {"uv": [0, 0, 16, 16], "texture": "#0"},
				"east": {"uv": [0, 0, 0, 16], "texture": "#0"},
				"south": {"uv": [0, 0, 16, 16], "texture": "#0"},
				"west": {"uv": [0, 0, 0, 16], "texture": "#0"},
				"up": {"uv": [0, 0, 16, 0], "texture": "#0"},
				"down": {"uv": [0, 0, 16, 0], "texture": "#0"}
			}
		}
	],
	"display": {
		"gui": {
			"translation": [0, 4.75, 0],
			"scale": [2.5, 2.5, 2.5]
		}
	}
}