{
	"credit": "Made with Blockbench",
	"textures": {
		"1": "block/echelle",
		"2": "block/barreaux",
		"particle": "block/echelle"
	},
	"elements": [
		{
			"from": [2, 14, 2],
			"to": [14, 15, 4],
			"faces": {
				"north": {"uv": [0, 2, 12, 3], "texture": "#1"},
				"east": {"uv": [2, 4, 4, 5], "texture": "#1"},
				"south": {"uv": [0, 0, 12, 1], "texture": "#1"},
				"west": {"uv": [2, 5, 4, 6], "texture": "#1"},
				"up": {"uv": [0, 0, 12, 2], "texture": "#1"},
				"down": {"uv": [0, 2, 12, 4], "texture": "#1"}
			}
		},
		{
			"from": [2, 11, 2],
			"to": [14, 12, 4],
			"faces": {
				"north": {"uv": [0, 0, 12, 1], "texture": "#1"},
				"east": {"uv": [2, 4, 4, 5], "texture": "#1"},
				"south": {"uv": [0, 3, 12, 4], "texture": "#1"},
				"west": {"uv": [2, 5, 4, 6], "texture": "#1"},
				"up": {"uv": [0, 1, 12, 3], "texture": "#1"},
				"down": {"uv": [0, 2, 12, 4], "texture": "#1"}
			}
		},
		{
			"from": [2, 8, 2],
			"to": [14, 9, 4],
			"faces": {
				"north": {"uv": [0, 0, 12, 1], "texture": "#1"},
				"east": {"uv": [2, 4, 4, 5], "texture": "#1"},
				"south": {"uv": [0, 1, 12, 2], "texture": "#1"},
				"west": {"uv": [2, 5, 4, 6], "texture": "#1"},
				"up": {"uv": [0, 2, 12, 4], "texture": "#1"},
				"down": {"uv": [0, 0, 12, 2], "texture": "#1"}
			}
		},
		{
			"from": [2, 5, 2],
			"to": [14, 6, 4],
			"faces": {
				"north": {"uv": [0, 0, 12, 1], "texture": "#1"},
				"east": {"uv": [2, 4, 4, 5], "texture": "#1"},
				"south": {"uv": [0, 2, 12, 3], "texture": "#1"},
				"west": {"uv": [2, 5, 4, 6], "texture": "#1"},
				"up": {"uv": [0, 0, 12, 2], "texture": "#1"},
				"down": {"uv": [0, 2, 12, 4], "texture": "#1"}
			}
		},
		{
			"from": [2, 2, 2],
			"to": [14, 3, 4],
			"faces": {
				"north": {"uv": [0, 1, 12, 2], "texture": "#1"},
				"east": {"uv": [2, 4, 4, 5], "texture": "#1"},
				"south": {"uv": [0, 0, 12, 1], "texture": "#1"},
				"west": {"uv": [2, 5, 4, 6], "texture": "#1"},
				"up": {"uv": [0, 1, 12, 3], "texture": "#1"},
				"down": {"uv": [0, 2, 12, 4], "texture": "#1"}
			}
		},
		{
			"from": [0, 0, 2],
			"to": [2, 18, 4],
			"faces": {
				"north": {"uv": [0, 0, 2, 16], "texture": "#2"},
				"east": {"uv": [2, 0, 4, 16], "texture": "#2"},
				"south": {"uv": [4, 0, 6, 16], "texture": "#2"},
				"west": {"uv": [8, 0, 6, 16], "texture": "#2"},
				"up": {"uv": [8, 0, 10, 2], "texture": "#2"},
				"down": {"uv": [8, 2, 10, 4], "texture": "#2"}
			}
		},
		{
			"from": [14, 0, 2],
			"to": [16, 18, 4],
			"faces": {
				"north": {"uv": [2, 0, 4, 16], "texture": "#2"},
				"east": {"uv": [6, 0, 8, 16], "texture": "#2"},
				"south": {"uv": [0, 0, 2, 16], "texture": "#2"},
				"west": {"uv": [4, 0, 6, 16], "texture": "#2"},
				"up": {"uv": [8, 0, 10, 2], "texture": "#2"},
				"down": {"uv": [8, 2, 10, 4], "texture": "#2"}
			}
		},
		{
			"from": [0, 14, 0],
			"to": [2, 16, 2],
			"faces": {
				"north": {"uv": [0, 1, 2, 3], "texture": "#2"},
				"east": {"uv": [2, 1, 4, 3], "texture": "#2"},
				"south": {"uv": [4, 1, 6, 3], "texture": "#2"},
				"west": {"uv": [6, 1, 8, 3], "texture": "#2"},
				"up": {"uv": [8, 0, 10, 2], "texture": "#2"},
				"down": {"uv": [8, 2, 10, 4], "texture": "#2"}
			}
		},
		{
			"from": [14, 14, 0],
			"to": [16, 16, 2],
			"faces": {
				"north": {"uv": [0, 13, 2, 15], "texture": "#2"},
				"east": {"uv": [2, 13, 4, 15], "texture": "#2"},
				"south": {"uv": [4, 13, 6, 15], "texture": "#2"},
				"west": {"uv": [6, 13, 8, 15], "texture": "#2"},
				"up": {"uv": [8, 0, 10, 2], "texture": "#2"},
				"down": {"uv": [8, 2, 10, 4], "texture": "#2"}
			}
		}
	],
	"display": {
		"thirdperson_righthand": {
			"translation": [0, 1, 1],
			"scale": [0.2, 0.2, 0.2]
		},
		"gui": {
			"rotation": [25, -45, 0],
			"translation": [-2.5, -1.75, 0],
			"scale": [0.7, 0.7, 0.7]
		},
		"fixed": {
			"rotation": [15, 180, 0],
			"translation": [0, -14, -22],
			"scale": [2, 4, 2]
		}
	},
	"groups": [
		{
			"name": "Ladder",
			"origin": [8, 8, 8],
			"color": 0,
			"children": [
				{
					"name": "Planches",
					"origin": [0, 0, 0],
					"color": 0,
					"children": [0, 1, 2, 3, 4]
				},
				{
					"name": "Barreaux",
					"origin": [0, 0, 0],
					"color": 0,
					"children": [5, 6, 7, 8]
				}
			]
		}
	]
}