{
	"music.level371": {
		"sounds": [
			"music/level371"
		]
	},
        "music.lobby": {
		"sounds": [
			"music/lobby"
		]
	},
        "music.level1": {
		"sounds": [
			"music/level1"
		]
	},
        "music.pipedreams": {
		"sounds": [
			"music/pipedreams"
		]
	},
        "music.poolrooms": {
		"sounds": [
			"music/poolrooms"
		]
	},
        "music.darkpool": {
		"sounds": [
			"music/darkpool"
		]
	},
        "music.theend": {
		"sounds": [
			"music/theend"
		]
	},
        "music.leafycorridors": {
		"sounds": [
			"music/leafycorridors"
	        ]
	},
        "music.theterminal": {
		"sounds": [
			"music/theterminal"
	        ]
	},
        "music.lobby_neon": {
		"sounds": [
			"music/lobby_neon"
	        ]
	},
        "music.pipedreams_chain": {
		"sounds": [
			"music/pipedreams_chain"
	        ]
	},
        "noise.bacteria_calm": {
		"sounds": [
			"noise/bacteria_calm"
	        ]
	},
        "noise.assessor_crash": {
		"sounds": [
			"noise/assessor_crash"
	        ]
	},
        "noise.neon": {
		"sounds": [
			"noise/neon"
	        ]
	},
        "music.assessor": {
		"sounds": [
			"music/assessor"
	        ]
	},
        "noise.bacteria": {
		"sounds": [
			"noise/bacteria"
	        ]
	},
        "music.poolrooms_whater": {
		"sounds": [
			"music/poolrooms_whater"
	        ]
	},
        "noise.buzzer": {
		"sounds": [
			"noise/buzzer"
	        ]
	},
        "noise.party_goers": {
		"sounds": [
			"noise/party_goers"
	        ]
	},
        "noise.smiler": {
		"sounds": [
			"noise/smiler"
	        ]
	}
}