{
	"parent": "item/generated",
	"textures": {
		"layer0": "item/cod"
	},
	
	"overrides": [
		{"predicate": {"custom_model_data":1}, "model": "item/number1"},
		{"predicate": {"custom_model_data":2}, "model": "item/number2"},
		{"predicate": {"custom_model_data":3}, "model": "item/number3"},
		{"predicate": {"custom_model_data":4}, "model": "item/number4"},
		{"predicate": {"custom_model_data":5}, "model": "item/number5"},
		{"predicate": {"custom_model_data":6}, "model": "item/number6"},
		{"predicate": {"custom_model_data":7}, "model": "item/number7"},
		{"predicate": {"custom_model_data":8}, "model": "item/number8"},
		{"predicate": {"custom_model_data":9}, "model": "item/number9"},
		{"predicate": {"custom_model_data":11}, "model": "item/camera"},
		{"predicate": {"custom_model_data":12}, "model": "item/pc_home"},
		{"predicate": {"custom_model_data":13}, "model": "item/safe"},
		{"predicate": {"custom_model_data":14}, "model": "item/theend_map_safe"},
		{"predicate": {"custom_model_data":15}, "model": "item/error_screen"},
		{"predicate": {"custom_model_data":16}, "model": "item/pc_home_safe"},
		{"predicate": {"custom_model_data":17}, "model": "item/digicode_screen"},
		{"predicate": {"custom_model_data":18}, "model": "item/checkmark"},
		{"predicate": {"custom_model_data":19}, "model": "item/cross"}
	]
}