{
	"credit": "Made with Blockbench",
	"texture_size": [32, 32],
	"textures": {
		"0": "item/the_end",
		"particle": "item/the_end"
	},
	"elements": [
		{
			"from": [25, 11, 0],
			"to": [32, 12, 1],
			"rotation": {"angle": 0, "axis": "y", "origin": [0, 0, -15]},
			"faces": {
				"north": {"uv": [10, 0, 13.5, 0.5], "texture": "#0"},
				"east": {"uv": [12, 7.5, 12.5, 8], "texture": "#0"},
				"south": {"uv": [10, 0.5, 13.5, 1], "texture": "#0"},
				"west": {"uv": [8, 12, 8.5, 12.5], "texture": "#0"},
				"up": {"uv": [13.5, 1.5, 10, 1], "texture": "#0"},
				"down": {"uv": [13.5, 1.5, 10, 2], "texture": "#0"}
			}
		},
		{
			"from": [28, 0, 0],
			"to": [29, 11, 1],
			"rotation": {"angle": 0, "axis": "y", "origin": [0, 0, -15]},
			"faces": {
				"north": {"uv": [8, 0, 8.5, 5.5], "texture": "#0"},
				"east": {"uv": [8, 5.5, 8.5, 11], "texture": "#0"},
				"south": {"uv": [8.5, 0, 9, 5.5], "texture": "#0"},
				"west": {"uv": [8.5, 5.5, 9, 11], "texture": "#0"},
				"up": {"uv": [12.5, 8.5, 12, 8], "texture": "#0"},
				"down": {"uv": [9, 12, 8.5, 12.5], "texture": "#0"}
			}
		},
		{
			"from": [23, 0, 0],
			"to": [24, 12, 1],
			"rotation": {"angle": 0, "axis": "y", "origin": [0, 0, -15]},
			"faces": {
				"north": {"uv": [4, 0, 4.5, 6], "texture": "#0"},
				"east": {"uv": [4.5, 0, 5, 6], "texture": "#0"},
				"south": {"uv": [5, 0, 5.5, 6], "texture": "#0"},
				"west": {"uv": [5.5, 0, 6, 6], "texture": "#0"},
				"up": {"uv": [12.5, 9, 12, 8.5], "texture": "#0"},
				"down": {"uv": [9.5, 12, 9, 12.5], "texture": "#0"}
			}
		},
		{
			"from": [19, 6, 0],
			"to": [23, 7, 1],
			"rotation": {"angle": 0, "axis": "y", "origin": [0, 0, -15]},
			"faces": {
				"north": {"uv": [10, 2, 12, 2.5], "texture": "#0"},
				"east": {"uv": [12, 9, 12.5, 9.5], "texture": "#0"},
				"south": {"uv": [10, 2.5, 12, 3], "texture": "#0"},
				"west": {"uv": [9.5, 12, 10, 12.5], "texture": "#0"},
				"up": {"uv": [12, 3.5, 10, 3], "texture": "#0"},
				"down": {"uv": [12, 3.5, 10, 4], "texture": "#0"}
			}
		},
		{
			"from": [18, 0, 0],
			"to": [19, 12, 1],
			"rotation": {"angle": 0, "axis": "y", "origin": [0, 0, -15]},
			"faces": {
				"north": {"uv": [6, 0, 6.5, 6], "texture": "#0"},
				"east": {"uv": [2, 6, 2.5, 12], "texture": "#0"},
				"south": {"uv": [2.5, 6, 3, 12], "texture": "#0"},
				"west": {"uv": [3, 6, 3.5, 12], "texture": "#0"},
				"up": {"uv": [12.5, 10, 12, 9.5], "texture": "#0"},
				"down": {"uv": [10.5, 12, 10, 12.5], "texture": "#0"}
			}
		},
		{
			"from": [12, 11, 0],
			"to": [16, 12, 1],
			"rotation": {"angle": 0, "axis": "y", "origin": [0, 0, -15]},
			"faces": {
				"north": {"uv": [10, 4, 12, 4.5], "texture": "#0"},
				"east": {"uv": [10.5, 12, 11, 12.5], "texture": "#0"},
				"south": {"uv": [10, 4.5, 12, 5], "texture": "#0"},
				"west": {"uv": [11, 12, 11.5, 12.5], "texture": "#0"},
				"up": {"uv": [12, 5.5, 10, 5], "texture": "#0"},
				"down": {"uv": [12, 5.5, 10, 6], "texture": "#0"}
			}
		},
		{
			"from": [16, 0, 0],
			"to": [17, 12, 1],
			"rotation": {"angle": 0, "axis": "y", "origin": [0, 0, -15]},
			"faces": {
				"north": {"uv": [3.5, 6, 4, 12], "texture": "#0"},
				"east": {"uv": [4, 6, 4.5, 12], "texture": "#0"},
				"south": {"uv": [4.5, 6, 5, 12], "texture": "#0"},
				"west": {"uv": [5, 6, 5.5, 12], "texture": "#0"},
				"up": {"uv": [12.5, 11.5, 12, 11], "texture": "#0"},
				"down": {"uv": [12, 12, 11.5, 12.5], "texture": "#0"}
			}
		},
		{
			"from": [12, 6, 0],
			"to": [16, 7, 1],
			"rotation": {"angle": 0, "axis": "y", "origin": [0, 0, -15]},
			"faces": {
				"north": {"uv": [10, 6, 12, 6.5], "texture": "#0"},
				"east": {"uv": [12, 11.5, 12.5, 12], "texture": "#0"},
				"south": {"uv": [10, 6.5, 12, 7], "texture": "#0"},
				"west": {"uv": [12, 12, 12.5, 12.5], "texture": "#0"},
				"up": {"uv": [12, 7.5, 10, 7], "texture": "#0"},
				"down": {"uv": [12, 7.5, 10, 8], "texture": "#0"}
			}
		},
		{
			"from": [12, 0, 0],
			"to": [16, 1, 1],
			"rotation": {"angle": 0, "axis": "y", "origin": [0, 0, -15]},
			"faces": {
				"north": {"uv": [10, 8, 12, 8.5], "texture": "#0"},
				"east": {"uv": [0, 12.5, 0.5, 13], "texture": "#0"},
				"south": {"uv": [10, 8.5, 12, 9], "texture": "#0"},
				"west": {"uv": [0.5, 12.5, 1, 13], "texture": "#0"},
				"up": {"uv": [11, 10.5, 9, 10], "texture": "#0"},
				"down": {"uv": [12, 9, 10, 9.5], "texture": "#0"}
			}
		},
		{
			"from": [1, 11, 0],
			"to": [5, 12, 1],
			"rotation": {"angle": 0, "axis": "y", "origin": [0, 0, -15]},
			"faces": {
				"north": {"uv": [10, 9.5, 12, 10], "texture": "#0"},
				"east": {"uv": [1, 12.5, 1.5, 13], "texture": "#0"},
				"south": {"uv": [9, 10.5, 11, 11], "texture": "#0"},
				"west": {"uv": [1.5, 12.5, 2, 13], "texture": "#0"},
				"up": {"uv": [10, 11.5, 8, 11], "texture": "#0"},
				"down": {"uv": [12, 11, 10, 11.5], "texture": "#0"}
			}
		},
		{
			"from": [5, 0, 0],
			"to": [6, 12, 1],
			"rotation": {"angle": 0, "axis": "y", "origin": [0, 0, -15]},
			"faces": {
				"north": {"uv": [5.5, 6, 6, 12], "texture": "#0"},
				"east": {"uv": [6, 6, 6.5, 12], "texture": "#0"},
				"south": {"uv": [0, 6.5, 0.5, 12.5], "texture": "#0"},
				"west": {"uv": [6.5, 0, 7, 6], "texture": "#0"},
				"up": {"uv": [2.5, 13, 2, 12.5], "texture": "#0"},
				"down": {"uv": [3, 12.5, 2.5, 13], "texture": "#0"}
			}
		},
		{
			"from": [1, 6, 0],
			"to": [5, 7, 1],
			"rotation": {"angle": 0, "axis": "y", "origin": [0, 0, -15]},
			"faces": {
				"north": {"uv": [11, 10, 13, 10.5], "texture": "#0"},
				"east": {"uv": [3, 12.5, 3.5, 13], "texture": "#0"},
				"south": {"uv": [11, 10.5, 13, 11], "texture": "#0"},
				"west": {"uv": [3.5, 12.5, 4, 13], "texture": "#0"},
				"up": {"uv": [10, 12, 8, 11.5], "texture": "#0"},
				"down": {"uv": [12, 11.5, 10, 12], "texture": "#0"}
			}
		},
		{
			"from": [1, 0, 0],
			"to": [5, 1, 1],
			"rotation": {"angle": 0, "axis": "y", "origin": [0, 0, -15]},
			"faces": {
				"north": {"uv": [2, 12, 4, 12.5], "texture": "#0"},
				"east": {"uv": [4, 12.5, 4.5, 13], "texture": "#0"},
				"south": {"uv": [12, 2, 14, 2.5], "texture": "#0"},
				"west": {"uv": [4.5, 12.5, 5, 13], "texture": "#0"},
				"up": {"uv": [14, 3, 12, 2.5], "texture": "#0"},
				"down": {"uv": [14, 3, 12, 3.5], "texture": "#0"}
			}
		},
		{
			"from": [-6, 0, 0],
			"to": [-5, 12, 1],
			"rotation": {"angle": 0, "axis": "y", "origin": [0, 0, -15]},
			"faces": {
				"north": {"uv": [0.5, 6.5, 1, 12.5], "texture": "#0"},
				"east": {"uv": [1, 6.5, 1.5, 12.5], "texture": "#0"},
				"south": {"uv": [1.5, 6.5, 2, 12.5], "texture": "#0"},
				"west": {"uv": [6.5, 6, 7, 12], "texture": "#0"},
				"up": {"uv": [5.5, 13, 5, 12.5], "texture": "#0"},
				"down": {"uv": [6, 12.5, 5.5, 13], "texture": "#0"}
			}
		},
		{
			"from": [-6, 0, 0],
			"to": [-5, 12.5, 1],
			"rotation": {"angle": -22.5, "axis": "z", "origin": [-5, 0, 0]},
			"faces": {
				"north": {"uv": [0, 0, 0.5, 6.5], "texture": "#0"},
				"east": {"uv": [0.5, 0, 1, 6.5], "texture": "#0"},
				"south": {"uv": [1, 0, 1.5, 6.5], "texture": "#0"},
				"west": {"uv": [1.5, 0, 2, 6.5], "texture": "#0"},
				"up": {"uv": [6.5, 13, 6, 12.5], "texture": "#0"},
				"down": {"uv": [7, 12.5, 6.5, 13], "texture": "#0"}
			}
		},
		{
			"from": [-1, 0, 0],
			"to": [0, 12, 1],
			"rotation": {"angle": 0, "axis": "y", "origin": [0, 0, -15]},
			"faces": {
				"north": {"uv": [7, 0, 7.5, 6], "texture": "#0"},
				"east": {"uv": [7, 6, 7.5, 12], "texture": "#0"},
				"south": {"uv": [7.5, 0, 8, 6], "texture": "#0"},
				"west": {"uv": [7.5, 6, 8, 12], "texture": "#0"},
				"up": {"uv": [13, 7, 12.5, 6.5], "texture": "#0"},
				"down": {"uv": [7.5, 12.5, 7, 13], "texture": "#0"}
			}
		},
		{
			"from": [-8, 0, 0],
			"to": [-7, 12, 1],
			"rotation": {"angle": 0, "axis": "y", "origin": [0, 0, -15]},
			"faces": {
				"north": {"uv": [2, 0, 2.5, 6], "texture": "#0"},
				"east": {"uv": [2.5, 0, 3, 6], "texture": "#0"},
				"south": {"uv": [3, 0, 3.5, 6], "texture": "#0"},
				"west": {"uv": [3.5, 0, 4, 6], "texture": "#0"},
				"up": {"uv": [12.5, 7, 12, 6.5], "texture": "#0"},
				"down": {"uv": [12.5, 7, 12, 7.5], "texture": "#0"}
			}
		},
		{
			"from": [-12, 11, 0],
			"to": [-8, 12, 1],
			"rotation": {"angle": 0, "axis": "y", "origin": [0, 0, -15]},
			"faces": {
				"north": {"uv": [12, 3.5, 14, 4], "texture": "#0"},
				"east": {"uv": [12.5, 7, 13, 7.5], "texture": "#0"},
				"south": {"uv": [4, 12, 6, 12.5], "texture": "#0"},
				"west": {"uv": [7.5, 12.5, 8, 13], "texture": "#0"},
				"up": {"uv": [14, 4.5, 12, 4], "texture": "#0"},
				"down": {"uv": [14, 4.5, 12, 5], "texture": "#0"}
			}
		},
		{
			"from": [-13, 1, 0],
			"to": [-12, 11, 1],
			"rotation": {"angle": 0, "axis": "y", "origin": [0, 0, -15]},
			"faces": {
				"north": {"uv": [9, 0, 9.5, 5], "texture": "#0"},
				"east": {"uv": [9, 5, 9.5, 10], "texture": "#0"},
				"south": {"uv": [9.5, 0, 10, 5], "texture": "#0"},
				"west": {"uv": [9.5, 5, 10, 10], "texture": "#0"},
				"up": {"uv": [13, 8, 12.5, 7.5], "texture": "#0"},
				"down": {"uv": [8.5, 12.5, 8, 13], "texture": "#0"}
			}
		},
		{
			"from": [-12, 0, 0],
			"to": [-8, 1, 1],
			"rotation": {"angle": 0, "axis": "y", "origin": [0, 0, -15]},
			"faces": {
				"north": {"uv": [12, 5, 14, 5.5], "texture": "#0"},
				"east": {"uv": [12.5, 8, 13, 8.5], "texture": "#0"},
				"south": {"uv": [12, 5.5, 14, 6], "texture": "#0"},
				"west": {"uv": [8.5, 12.5, 9, 13], "texture": "#0"},
				"up": {"uv": [8, 12.5, 6, 12], "texture": "#0"},
				"down": {"uv": [14, 6, 12, 6.5], "texture": "#0"}
			}
		}
	],
	"display": {
		"thirdperson_righthand": {
			"translation": [0, 0, 2.25],
			"scale": [0.3, 0.3, 0.3]
		},
		"thirdperson_lefthand": {
			"translation": [0, 0, 2.25],
			"scale": [0.3, 0.3, 0.3]
		},
		"firstperson_righthand": {
			"translation": [1.75, -1.25, 0],
			"scale": [0.3, 0.3, 0.3]
		},
		"firstperson_lefthand": {
			"translation": [1.75, -1.25, 0],
			"scale": [0.3, 0.3, 0.3]
		},
		"ground": {
			"translation": [0, 4.5, 0]
		},
		"gui": {
			"translation": [0, 0.25, 0],
			"scale": [-0.3, 0.3, 0.3]
		},
		"fixed": {
			"translation": [0, 6, 21],
			"scale": [3, 3, 3]
		}
	},
	"groups": [
		{
			"name": "T",
			"origin": [0, 0, 0],
			"color": 0,
			"children": [0, 1]
		},
		{
			"name": "H",
			"origin": [0, 0, 0],
			"color": 0,
			"children": [2, 3, 4]
		},
		{
			"name": "E",
			"origin": [0, 0, 0],
			"color": 0,
			"children": [5, 6, 7, 8]
		},
		{
			"name": "E",
			"origin": [0, 0, 0],
			"color": 0,
			"children": [9, 10, 11, 12]
		},
		{
			"name": "N",
			"origin": [0, 0, 0],
			"color": 0,
			"children": [13, 14, 15]
		},
		{
			"name": "D",
			"origin": [0, 0, 0],
			"color": 0,
			"children": [16, 17, 18, 19]
		}
	]
}