{
	"credit": "Made with Blockbench",
	"textures": {
		"0": "item/almond_water",
		"particle": "item/almond_water"
	},
	"elements": [
		{
			"from": [7, 0, 7],
			"to": [10, 6, 10],
			"faces": {
				"north": {"uv": [3.75, 14.25, 8, 15.25], "texture": "#0"},
				"east": {"uv": [3.75, 14.25, 8, 15.25], "texture": "#0"},
				"south": {"uv": [3.75, 14.25, 8, 15.25], "texture": "#0"},
				"west": {"uv": [3.75, 14.25, 8, 15.25], "texture": "#0"},
				"up": {"uv": [4.25, 9.25, 8.5, 13.5], "texture": "#0"},
				"down": {"uv": [9, 9.25, 13.25, 13.5], "texture": "#0"}
			}
		},
		{
			"from": [7, 0.5, 6.75],
			"to": [10, 5.5, 7],
			"rotation": {"angle": 0, "axis": "y", "origin": [10, 0, 7]},
			"faces": {
				"north": {"uv": [0, 0, 4.25, 6.75], "texture": "#0"},
				"east": {"uv": [4.25, 0, 4.5, 6.75], "texture": "#0"},
				"south": {"uv": [8.5, 0, 12.75, 6.75], "texture": "#0"},
				"west": {"uv": [8.25, 0, 8.5, 6.75], "texture": "#0"},
				"up": {"uv": [4.25, 6.75, 0, 6.5], "texture": "#0"},
				"down": {"uv": [4.25, 6.5, 0, 6.75], "texture": "#0"}
			}
		},
		{
			"from": [6.75, 0.5, 7],
			"to": [7, 5.5, 10],
			"rotation": {"angle": 0, "axis": "y", "origin": [7, 0, 7]},
			"faces": {
				"north": {"uv": [4.25, 0, 4.5, 6.75], "texture": "#0"},
				"east": {"uv": [8.5, 0, 12.75, 6.75], "texture": "#0"},
				"south": {"uv": [8.25, 0, 8.5, 6.75], "texture": "#0"},
				"west": {"uv": [8.5, 0, 12.75, 6.75], "texture": "#0"},
				"up": {"uv": [4.25, 6.75, 0, 6.5], "rotation": 270, "texture": "#0"},
				"down": {"uv": [4.25, 6.5, 0, 6.75], "rotation": 90, "texture": "#0"}
			}
		},
		{
			"from": [7, 0.5, 10],
			"to": [10, 5.5, 10.25],
			"rotation": {"angle": 0, "axis": "y", "origin": [7, 0, 10]},
			"faces": {
				"north": {"uv": [8.5, 0, 12.75, 6.75], "texture": "#0"},
				"east": {"uv": [8.25, 0, 8.5, 6.75], "texture": "#0"},
				"south": {"uv": [4.25, 0, 8.5, 6.75], "texture": "#0"},
				"west": {"uv": [4.25, 0, 4.5, 6.75], "texture": "#0"},
				"up": {"uv": [4.25, 6.75, 0, 6.5], "rotation": 180, "texture": "#0"},
				"down": {"uv": [4.25, 6.5, 0, 6.75], "rotation": 180, "texture": "#0"}
			}
		},
		{
			"from": [10, 0.5, 7],
			"to": [10.25, 5.5, 10],
			"rotation": {"angle": 0, "axis": "y", "origin": [10, 0, 10]},
			"faces": {
				"north": {"uv": [8.25, 0, 8.5, 6.75], "texture": "#0"},
				"east": {"uv": [8.5, 0, 12.75, 6.75], "texture": "#0"},
				"south": {"uv": [4.25, 0, 4.5, 6.75], "texture": "#0"},
				"west": {"uv": [8.5, 0, 12.75, 6.75], "texture": "#0"},
				"up": {"uv": [4.25, 6.75, 0, 6.5], "rotation": 90, "texture": "#0"},
				"down": {"uv": [4.25, 6.5, 0, 6.75], "rotation": 270, "texture": "#0"}
			}
		}
	],
	"display": {
		"thirdperson_righthand": {
			"rotation": [0, -90, 0],
			"translation": [0.5, 6, 0]
		},
		"thirdperson_lefthand": {
			"rotation": [0, -90, 0],
			"translation": [0.5, 6, 0]
		},
		"firstperson_righthand": {
			"rotation": [0, -90, 0],
			"translation": [0, 7, 0]
		},
		"firstperson_lefthand": {
			"rotation": [0, -90, 0],
			"translation": [0, 7, 0]
		},
		"ground": {
			"translation": [0, 6, 0]
		},
		"gui": {
			"rotation": [30, -145, 0],
			"translation": [1.5, 8.5, 0],
			"scale": [2, 2, 2]
		},
		"fixed": {
			"rotation": [-90, 0, 0],
			"translation": [6.5, -4.5, -16],
			"scale": [2, 2, 2]
		}
	},
	"groups": [
		{
			"name": "can",
			"origin": [10, 0, 7],
			"color": 0,
			"children": [0, 1, 2, 3, 4]
		}
	]
}