{
	"credit": "Made with Blockbench",
	"texture_size": [128, 128],
	"textures": {
		"0": "item/canon",
		"particle": "item/canon"
	},
	"elements": [
		{
			"from": [0, 0, 0],
			"to": [16, 4, 16],
			"faces": {
				"north": {"uv": [5.5, 1.75, 7.5, 2.25], "texture": "#0"},
				"east": {"uv": [5.5, 2.25, 7.5, 2.75], "texture": "#0"},
				"south": {"uv": [5.5, 3.75, 7.5, 4.25], "texture": "#0"},
				"west": {"uv": [5.5, 4.25, 7.5, 4.75], "texture": "#0"},
				"up": {"uv": [4.75, 2, 2.75, 0], "texture": "#0"},
				"down": {"uv": [4.75, 2, 2.75, 4], "texture": "#0"}
			}
		},
		{
			"from": [6, 0, -1],
			"to": [10, 4, 0],
			"faces": {
				"north": {"uv": [4.5, 8.125, 5, 8.625], "texture": "#0"},
				"east": {"uv": [6.25, 8.375, 6.375, 8.875], "texture": "#0"},
				"south": {"uv": [5, 8.125, 5.5, 8.625], "texture": "#0"},
				"west": {"uv": [6.375, 8.375, 6.5, 8.875], "texture": "#0"},
				"up": {"uv": [8.75, 7.75, 8.25, 7.625], "texture": "#0"},
				"down": {"uv": [8.75, 7.75, 8.25, 7.875], "texture": "#0"}
			}
		},
		{
			"from": [6, 0, 16],
			"to": [10, 4, 17],
			"faces": {
				"north": {"uv": [0, 8.25, 0.5, 8.75], "texture": "#0"},
				"east": {"uv": [6.5, 8.375, 6.625, 8.875], "texture": "#0"},
				"south": {"uv": [0.5, 8.25, 1, 8.75], "texture": "#0"},
				"west": {"uv": [6.625, 8.375, 6.75, 8.875], "texture": "#0"},
				"up": {"uv": [8.75, 8, 8.25, 7.875], "texture": "#0"},
				"down": {"uv": [9, 1.5, 8.5, 1.625], "texture": "#0"}
			}
		},
		{
			"from": [16, 0, 6],
			"to": [17, 4, 10],
			"faces": {
				"north": {"uv": [6.75, 8.375, 6.875, 8.875], "texture": "#0"},
				"east": {"uv": [1, 8.25, 1.5, 8.75], "texture": "#0"},
				"south": {"uv": [6.875, 8.375, 7, 8.875], "texture": "#0"},
				"west": {"uv": [8.25, 1, 8.75, 1.5], "texture": "#0"},
				"up": {"uv": [2.125, 9, 2, 8.5], "texture": "#0"},
				"down": {"uv": [2.25, 8.5, 2.125, 9], "texture": "#0"}
			}
		},
		{
			"from": [-1, 0, 6],
			"to": [0, 4, 10],
			"faces": {
				"north": {"uv": [2.25, 8.5, 2.375, 9], "texture": "#0"},
				"east": {"uv": [1.5, 8.25, 2, 8.75], "texture": "#0"},
				"south": {"uv": [2.375, 8.5, 2.5, 9], "texture": "#0"},
				"west": {"uv": [8.25, 1.75, 8.75, 2.25], "texture": "#0"},
				"up": {"uv": [2.625, 9, 2.5, 8.5], "texture": "#0"},
				"down": {"uv": [2.75, 8.5, 2.625, 9], "texture": "#0"}
			}
		},
		{
			"from": [6, 4, 0],
			"to": [10, 5, 16],
			"faces": {
				"north": {"uv": [8.5, 1.625, 9, 1.75], "texture": "#0"},
				"east": {"uv": [8.25, 2.25, 10.25, 2.375], "texture": "#0"},
				"south": {"uv": [2.75, 8.5, 3.25, 8.625], "texture": "#0"},
				"west": {"uv": [8.25, 2.375, 10.25, 2.5], "texture": "#0"},
				"up": {"uv": [1.5, 7.5, 1, 5.5], "texture": "#0"},
				"down": {"uv": [2, 5.5, 1.5, 7.5], "texture": "#0"}
			}
		},
		{
			"from": [0, 4, 6],
			"to": [6, 5, 10],
			"faces": {
				"north": {"uv": [8.25, 2.5, 9, 2.625], "texture": "#0"},
				"east": {"uv": [8.5, 2.75, 9, 2.875], "texture": "#0"},
				"south": {"uv": [8.25, 2.625, 9, 2.75], "texture": "#0"},
				"west": {"uv": [8.5, 2.875, 9, 3], "texture": "#0"},
				"up": {"uv": [7.5, 8, 6.75, 7.5], "texture": "#0"},
				"down": {"uv": [8.25, 7.5, 7.5, 8], "texture": "#0"}
			}
		},
		{
			"from": [10, 4, 6],
			"to": [16, 5, 10],
			"faces": {
				"north": {"uv": [6.25, 8.25, 7, 8.375], "texture": "#0"},
				"east": {"uv": [8.5, 3, 9, 3.125], "texture": "#0"},
				"south": {"uv": [8.25, 6.25, 9, 6.375], "texture": "#0"},
				"west": {"uv": [8.5, 3.125, 9, 3.25], "texture": "#0"},
				"up": {"uv": [0.75, 8.25, 0, 7.75], "texture": "#0"},
				"down": {"uv": [1.5, 7.75, 0.75, 8.25], "texture": "#0"}
			}
		}
	],
	"display": {
		"thirdperson_righthand": {
			"rotation": [0, 90, 0],
			"scale": [0.5, 0.5, 0.5]
		},
		"thirdperson_lefthand": {
			"rotation": [0, -90, 0],
			"scale": [0.5, 0.5, 0.5]
		},
		"firstperson_righthand": {
			"rotation": [0, 90, 0],
			"translation": [-1, -1.5, 0],
			"scale": [0.5, 0.5, 0.5]
		},
		"firstperson_lefthand": {
			"rotation": [0, -90, 0],
			"translation": [-1, -1.5, 0],
			"scale": [0.5, 0.5, 0.5]
		},
		"ground": {
			"scale": [0.25, 0.25, 0.25]
		},
		"fixed": {
			"rotation": [-90, 0, 0],
			"translation": [0, 0, -24],
			"scale": [3, 3, 3]
		}
	},
	"groups": [
		{
			"name": "socle",
			"origin": [8, 8, 8],
			"color": 0,
			"children": [0, 1, 2, 3, 4, 5, 6, 7]
		}
	]
}