{
	"parent": "item/generated",
	"textures": {
		"layer0": "item/nether_brick"
	},
	
	"overrides": [
		{"predicate": {"custom_model_data":1}, "model": "item/wall_number1"},
		{"predicate": {"custom_model_data":2}, "model": "item/wall_number2"},
		{"predicate": {"custom_model_data":3}, "model": "item/wall_number3"},
		{"predicate": {"custom_model_data":4}, "model": "item/wall_number4"},
		{"predicate": {"custom_model_data":5}, "model": "item/wall_number5"},
		{"predicate": {"custom_model_data":6}, "model": "item/wall_number6"},
		{"predicate": {"custom_model_data":7}, "model": "item/wall_number7"},
		{"predicate": {"custom_model_data":8}, "model": "item/wall_number8"},
		{"predicate": {"custom_model_data":9}, "model": "item/wall_number9"},
		{"predicate": {"custom_model_data":10}, "model": "item/triangle"},
		{"predicate": {"custom_model_data":11}, "model": "item/theend_postit"}
	]
}