{
	"credit": "Made with Blockbench",
	"textures": {
		"0": "item/pc_home_safe",
		"particle": "item/pc_home_safe"
	},
	"elements": [
		{
			"from": [-16, 0, 8],
			"to": [32, 16, 8],
			"faces": {
				"north": {"uv": [0, 0, 16, 16], "texture": "#0"},
				"east": {"uv": [0, 0, 0, 14], "texture": "#0"},
				"south": {"uv": [0, 0, 16, 16], "texture": "#0"},
				"west": {"uv": [0, 0, 0, 14], "texture": "#0"},
				"up": {"uv": [0, 0, 16, 0], "texture": "#0"},
				"down": {"uv": [0, 0, 16, 0], "texture": "#0"}
			}
		}
	],
	"gui_light": "front",
	"display": {
		"gui": {
			"translation": [72, 18, -80],
			"scale": [3.33, 3.25, 0]
		}
	}
}