{
	"parent": "item/generated",
	"textures": {
		"layer0": "item/dragon_egg"
	},
	
	"overrides": [
		{"predicate": {"custom_model_data":0}, "model": "item/trophy_book_glass"},
		{"predicate": {"custom_model_data":1}, "model": "item/trophy_book_copper"},
		{"predicate": {"custom_model_data":4}, "model": "item/trophy_book_iron"},
		{"predicate": {"custom_model_data":6}, "model": "item/trophy_book_gold"},
		{"predicate": {"custom_model_data":10}, "model": "item/trophy"},
		{"predicate": {"custom_model_data":11}, "model": "item/enchanting_table_book"}
	]
}