{
	"credit": "Made with Blockbench",
	"textures": {
		"0": "item/donkey_kong",
		"particle": "item/donkey_kong"
	},
	"elements": [
		{
			"from": [0, 0, 7],
			"to": [16, 12, 8],
			"faces": {
				"north": {"uv": [0, 0, 16, 16], "texture": "#0"},
				"east": {"uv": [0, 0, 1, 16], "texture": "#0"},
				"south": {"uv": [0, 0, 16, 16], "texture": "#0"},
				"west": {"uv": [0, 0, 1, 16], "texture": "#0"},
				"up": {"uv": [0, 0, 16, 1], "texture": "#0"},
				"down": {"uv": [0, 0, 16, 1], "texture": "#0"}
			}
		}
	]
}