{
	"parent": "item/generated",
	"textures": {
		"layer0": "item/scute"
	},
	
	"overrides": [
		{"predicate": {"custom_model_data":1}, "model": "item/zegamapizza"},
		{"predicate": {"custom_model_data":2}, "model": "item/wal"},
		{"predicate": {"custom_model_data":3}, "model": "item/amassif"},
		{"predicate": {"custom_model_data":4}, "model": "item/wormhole_analysis_laboratory"},
		{"predicate": {"custom_model_data":5}, "model": "item/wal_2x2"},
		{"predicate": {"custom_model_data":6}, "model": "item/thebackroomsmap"}
	]
}