{
	"credit": "Made with Blockbench",
	"texture_size": [64, 64],
	"textures": {
		"0": "item/extincteur",
		"particle": "item/extincteur"
	},
	"elements": [
		{
			"from": [4, 3, 2],
			"to": [12, 21, 10],
			"faces": {
				"north": {"uv": [0, 0, 2, 4.5], "texture": "#0"},
				"east": {"uv": [2, 0, 4, 4.5], "texture": "#0"},
				"south": {"uv": [4, 0, 6, 4.5], "texture": "#0"},
				"west": {"uv": [0, 4.5, 2, 9], "texture": "#0"},
				"up": {"uv": [4, 6.5, 2, 4.5], "texture": "#0"},
				"down": {"uv": [6, 4.5, 4, 6.5], "texture": "#0"}
			}
		},
		{
			"from": [5, 21, 3],
			"to": [11, 22, 9],
			"faces": {
				"north": {"uv": [2.5, 0, 4, 0.25], "texture": "#0"},
				"east": {"uv": [2, 0, 3.5, 0.25], "texture": "#0"},
				"south": {"uv": [2.5, 0, 4, 0.25], "texture": "#0"},
				"west": {"uv": [2, 0, 3.5, 0.25], "texture": "#0"},
				"up": {"uv": [2.25, 4.75, 3.75, 6.25], "texture": "#0"},
				"down": {"uv": [0, 0, 1.5, 1.5], "texture": "#0"}
			}
		},
		{
			"from": [5, 2, 3],
			"to": [11, 3, 9],
			"faces": {
				"north": {"uv": [0.125, 8.75, 1.625, 9], "texture": "#0"},
				"east": {"uv": [0.375, 8.75, 1.875, 9], "texture": "#0"},
				"south": {"uv": [0.375, 4.25, 1.875, 4.5], "texture": "#0"},
				"west": {"uv": [0.125, 4.25, 1.625, 4.5], "texture": "#0"},
				"up": {"uv": [0, 0, 1.5, 1.5], "texture": "#0"},
				"down": {"uv": [2, 4.375, 2.25, 4.25], "texture": "#0"}
			}
		},
		{
			"from": [7, 22, 5],
			"to": [9, 23, 7],
			"faces": {
				"north": {"uv": [2.5, 6.5, 3, 6.75], "texture": "#0"},
				"east": {"uv": [2.5, 6.5, 3, 6.75], "texture": "#0"},
				"south": {"uv": [2.5, 6.5, 3, 6.75], "texture": "#0"},
				"west": {"uv": [2.5, 6.5, 3, 6.75], "texture": "#0"},
				"up": {"uv": [2, 6.5, 2.5, 7], "texture": "#0"},
				"down": {"uv": [2, 6.5, 2.5, 7], "texture": "#0"}
			}
		},
		{
			"from": [7, 23, 5.5],
			"to": [12.25, 23.5, 6.5],
			"faces": {
				"north": {"uv": [2, 8.125, 3.3125, 8.25], "texture": "#0"},
				"east": {"uv": [2.375, 8.125, 2.625, 8.25], "texture": "#0"},
				"south": {"uv": [2, 8, 3.3125, 8.125], "texture": "#0"},
				"west": {"uv": [2.625, 8.125, 2.875, 8.25], "texture": "#0"},
				"up": {"uv": [2, 8, 3.3125, 8.25], "texture": "#0"},
				"down": {"uv": [2, 8, 3.3125, 8.25], "texture": "#0"}
			}
		},
		{
			"from": [6, 22.5, 5.5],
			"to": [7, 23.5, 6.5],
			"faces": {
				"north": {"uv": [2.375, 6.5, 2.625, 6.75], "texture": "#0"},
				"east": {"uv": [2, 6.75, 2.25, 7], "texture": "#0"},
				"south": {"uv": [2.25, 6.5, 2.5, 6.75], "texture": "#0"},
				"west": {"uv": [2.25, 6.75, 2.5, 7], "texture": "#0"},
				"up": {"uv": [2.625, 6.5, 2.875, 6.75], "texture": "#0"},
				"down": {"uv": [2, 6.5, 2.25, 6.75], "texture": "#0"}
			}
		},
		{
			"from": [4.5, 22.25, 5.25],
			"to": [6, 23.75, 6.75],
			"faces": {
				"north": {"uv": [2.375, 7, 2.75, 7.375], "texture": "#0"},
				"east": {"uv": [2, 7.375, 2.375, 7.75], "texture": "#0"},
				"south": {"uv": [2, 7, 2.375, 7.375], "texture": "#0"},
				"west": {"uv": [2.375, 7.375, 2.75, 7.75], "texture": "#0"},
				"up": {"uv": [2, 7.75, 2.375, 8.125], "texture": "#0"},
				"down": {"uv": [2.375, 7.75, 2.75, 8.125], "texture": "#0"}
			}
		},
		{
			"from": [3, 21.75, 4.75],
			"to": [4.5, 24.25, 7.25],
			"faces": {
				"north": {"uv": [2, 7.625, 2.375, 8.25], "texture": "#0"},
				"east": {"uv": [2, 7, 2.625, 7.625], "texture": "#0"},
				"south": {"uv": [2.375, 7.625, 2.75, 8.25], "texture": "#0"},
				"west": {"uv": [3.25, 7.125, 3.875, 7.75], "texture": "#0"},
				"up": {"uv": [2.625, 7, 3, 7.625], "texture": "#0"},
				"down": {"uv": [2.625, 7, 3, 7.625], "texture": "#0"}
			}
		},
		{
			"from": [1, 21, 4],
			"to": [3, 25, 8],
			"faces": {
				"north": {"uv": [2, 7, 2.5, 8], "texture": "#0"},
				"east": {"uv": [2, 7, 3, 8], "texture": "#0"},
				"south": {"uv": [2.5, 7, 3, 8], "texture": "#0"},
				"west": {"uv": [3, 7, 4, 8], "texture": "#0"},
				"up": {"uv": [2, 7.25, 2.5, 8.25], "texture": "#0"},
				"down": {"uv": [2.5, 7.25, 3, 8.25], "texture": "#0"}
			}
		},
		{
			"from": [6.25, 23.5, 5.5],
			"to": [11.75, 24, 6.5],
			"rotation": {"angle": 22.5, "axis": "z", "origin": [7, 25, 6]},
			"faces": {
				"north": {"uv": [2, 8.125, 3.375, 8.25], "texture": "#0"},
				"east": {"uv": [2.375, 8, 2.625, 8.125], "texture": "#0"},
				"south": {"uv": [2, 8, 3.375, 8.125], "texture": "#0"},
				"west": {"uv": [2.625, 8, 2.875, 8.125], "texture": "#0"},
				"up": {"uv": [2, 8, 3.375, 8.25], "texture": "#0"},
				"down": {"uv": [2, 8, 3.375, 8.25], "texture": "#0"}
			}
		}
	],
	"display": {
		"thirdperson_righthand": {
			"rotation": [0, -90, 0],
			"translation": [-3, -8, 0],
			"scale": [0.5, 0.5, 0.5]
		},
		"thirdperson_lefthand": {
			"rotation": [0, 90, 0],
			"translation": [-1, -8, 0],
			"scale": [0.5, 0.5, 0.5]
		},
		"firstperson_righthand": {
			"rotation": [0, -90, 0],
			"translation": [-1, -3, 0],
			"scale": [0.6, 0.6, 0.6]
		},
		"firstperson_lefthand": {
			"rotation": [0, 90, 0],
			"translation": [1, -3, 0],
			"scale": [0.6, 0.6, 0.6]
		},
		"ground": {
			"scale": [0.6, 0.6, 0.6]
		},
		"gui": {
			"rotation": [30, 45, 0],
			"translation": [1, -3.25, 0],
			"scale": [0.6, 0.6, 0.6]
		},
		"head": {
			"rotation": [0, -90, 0],
			"translation": [-1.25, -0.25, -3.75],
			"scale": [0.6, 0.6, 0.6]
		},
		"fixed": {
			"rotation": [0, 180, 0],
			"translation": [0, 0, -14],
			"scale": [2, 2, 2]
		}
	}
}