{
	"credit": "Made with Blockbench",
	"texture_size": [48, 19],
	"textures": {
		"0": "item/backroomsmap",
		"particle": "item/backroomsmap"
	},
	"elements": [
		{
			"from": [-16, 0, 14],
			"to": [32, 19, 15],
			"faces": {
				"north": {"uv": [0, 0, 16, 16], "texture": "#0"},
				"east": {"uv": [0, 35.36842, 0.66667, 51.36842], "texture": "#0"},
				"south": {"uv": [0, 0, 16, 16], "texture": "#0"},
				"west": {"uv": [0.66667, 35.36842, 1.33333, 51.36842], "texture": "#0"},
				"up": {"uv": [16, 16, 0, 15.15789], "texture": "#0"},
				"down": {"uv": [16, 15.15789, 0, 16], "texture": "#0"}
			}
		}
	],
	"gui_light": "front",
	"display": {
		"fixed": {
			"translation": [0, 11, -0.25],
			"scale": [3.5, 3.5, 0]
		}
	}
}