{
	"credit": "Made with Blockbench",
	"textures": {
		"0": "item/torch",
		"particle": "item/torch"
	},
	"elements": [
		{
			"from": [5.25, 8, 5.25],
			"to": [8.75, 11, 8.75],
			"rotation": {"angle": 0, "axis": "y", "origin": [7, 9.5, 7]},
			"faces": {
				"north": {"uv": [0, 0, 4, 3], "texture": "#0"},
				"east": {"uv": [0, 0, 4, 3], "texture": "#0"},
				"south": {"uv": [0, 0, 4, 3], "texture": "#0"},
				"west": {"uv": [0, 0, 4, 3], "texture": "#0"},
				"up": {"uv": [8, 4, 4, 0], "texture": "#0"},
				"down": {"uv": [12, 0, 8, 4], "texture": "#0"}
			}
		},
		{
			"from": [6, 0, 6],
			"to": [8, 8, 8],
			"rotation": {"angle": 0, "axis": "y", "origin": [7, 4, 7]},
			"faces": {
				"north": {"uv": [0, 4, 2, 12], "texture": "#0"},
				"east": {"uv": [0, 4, 2, 12], "texture": "#0"},
				"south": {"uv": [0, 4, 2, 12], "texture": "#0"},
				"west": {"uv": [0, 4, 2, 12], "texture": "#0"},
				"up": {"uv": [0, 1, 2, 3], "texture": "#0"},
				"down": {"uv": [0, 1, 2, 3], "texture": "#0"}
			}
		}
	],
	"display": {
		"thirdperson_righthand": {
			"rotation": [-10, 0, 0],
			"translation": [1, 4.75, -0.25]
		},
		"thirdperson_lefthand": {
			"rotation": [-10, 0, 0],
			"translation": [-1, 4.75, -0.25]
		},
		"firstperson_righthand": {
			"rotation": [-78, 0, 0],
			"translation": [3.5, 1, 0]
		},
		"firstperson_lefthand": {
			"rotation": [-78, 0, 0],
			"translation": [3.5, 1, 0]
		},
		"ground": {
			"rotation": [-77, 0, 0],
			"translation": [0.75, 0, 0]
		},
		"gui": {
			"rotation": [-45, 0, 32],
			"translation": [-0.5, 2.5, 0],
			"scale": [1.2, 1.2, 1.2]
		},
		"head": {
			"rotation": [-88, 0, 0],
			"translation": [0, 11, -1.75]
		}
	}
}