{
	"credit": "Made with Blockbench",
	"texture_size": [16, 32],
	"textures": {
		"0": "item/trophy_book_iron",
		"particle": "item/trophy_book_iron"
	},
	"elements": [
		{
			"from": [3.27145, 5.11244, 4],
			"to": [8.27145, 5.11244, 12],
			"rotation": {"angle": -45, "axis": "z", "origin": [8, 5.38388, 8]},
			"faces": {
				"north": {"uv": [0, 0, 5, 0], "texture": "#0"},
				"east": {"uv": [0, 0, 8, 0], "texture": "#0"},
				"south": {"uv": [0, 0, 5, 0], "texture": "#0"},
				"west": {"uv": [0, 0, 8, 0], "texture": "#0"},
				"up": {"uv": [5, 9, 10, 5], "texture": "#0"},
				"down": {"uv": [5, 5, 10, 9], "texture": "#0"}
			}
		},
		{
			"from": [8.27145, 5.11244, 4],
			"to": [8.27145, 10.11244, 12],
			"rotation": {"angle": -45, "axis": "z", "origin": [8, 5.38388, 8]},
			"faces": {
				"north": {"uv": [0, 0, 5, 0], "rotation": 90, "texture": "#0"},
				"east": {"uv": [0, 5, 5, 9], "rotation": 270, "texture": "#0"},
				"south": {"uv": [0, 0, 5, 0], "rotation": 270, "texture": "#0"},
				"west": {"uv": [5, 9, 0, 5], "rotation": 270, "texture": "#0"},
				"up": {"uv": [0, 0, 8, 0], "rotation": 270, "texture": "#0"},
				"down": {"uv": [0, 0, 8, 0], "rotation": 270, "texture": "#0"}
			}
		},
		{
			"from": [3.14691, 4.02922, 4],
			"to": [8.14691, 5.02922, 12],
			"rotation": {"angle": -22.5, "axis": "z", "origin": [8, 5.38388, 8]},
			"faces": {
				"north": {"uv": [8, 4.5, 13, 5], "texture": "#0"},
				"east": {"uv": [8, 4, 16, 4.5], "texture": "#0"},
				"south": {"uv": [8, 4.5, 13, 5], "texture": "#0"},
				"west": {"uv": [8, 4, 16, 4.5], "texture": "#0"},
				"up": {"uv": [5, 9, 10, 5], "texture": "#0"},
				"down": {"uv": [13, 0, 8, 4], "texture": "#0"}
			}
		},
		{
			"from": [7.85309, 4.02922, 4],
			"to": [12.85309, 5.02922, 12],
			"rotation": {"angle": 22.5, "axis": "z", "origin": [8, 5.38388, 8]},
			"faces": {
				"north": {"uv": [8, 4.5, 13, 5], "texture": "#0"},
				"east": {"uv": [8, 4, 16, 4.5], "texture": "#0"},
				"south": {"uv": [8, 4.5, 13, 5], "texture": "#0"},
				"west": {"uv": [8, 4, 16, 4.5], "texture": "#0"},
				"up": {"uv": [5, 9, 0, 5], "texture": "#0"},
				"down": {"uv": [13, 0, 8, 4], "texture": "#0"}
			}
		},
		{
			"from": [8.39429, 3.72266, 3],
			"to": [14.39429, 3.72266, 13],
			"rotation": {"angle": 22.5, "axis": "z", "origin": [8, 5.38388, 8]},
			"faces": {
				"north": {"uv": [0, 0, 6, 0], "texture": "#0"},
				"east": {"uv": [0, 0, 10, 0], "texture": "#0"},
				"south": {"uv": [0, 0, 6, 0], "texture": "#0"},
				"west": {"uv": [0, 0, 10, 0], "texture": "#0"},
				"up": {"uv": [6, 5, 0, 0], "texture": "#0"},
				"down": {"uv": [6, 0, 0, 5], "texture": "#0"}
			}
		},
		{
			"from": [1.60571, 3.72266, 3],
			"to": [7.60571, 3.72266, 13],
			"rotation": {"angle": -22.5, "axis": "z", "origin": [8, 5.38388, 8]},
			"faces": {
				"north": {"uv": [0, 0, 6, 0], "texture": "#0"},
				"east": {"uv": [0, 0, 10, 0], "texture": "#0"},
				"south": {"uv": [0, 0, 6, 0], "texture": "#0"},
				"west": {"uv": [0, 0, 10, 0], "texture": "#0"},
				"up": {"uv": [0, 5, 6, 0], "texture": "#0"},
				"down": {"uv": [0, 0, 6, 5], "texture": "#0"}
			}
		},
		{
			"name": "liaison",
			"from": [7, 4, 3],
			"to": [9, 4, 13],
			"rotation": {"angle": 0, "axis": "z", "origin": [8, 5.38388, 8]},
			"faces": {
				"north": {"uv": [0, 0, 2, 0], "texture": "#0"},
				"east": {"uv": [0, 0, 10, 0], "texture": "#0"},
				"south": {"uv": [0, 0, 2, 0], "texture": "#0"},
				"west": {"uv": [0, 0, 10, 0], "texture": "#0"},
				"up": {"uv": [6, 5, 8, 0], "texture": "#0"},
				"down": {"uv": [6, 0, 8, 5], "texture": "#0"}
			}
		},
		{
			"from": [8, 3, 4],
			"to": [13, 3.5, 12],
			"rotation": {"angle": 22.5, "axis": "z", "origin": [8, 4, 5]},
			"faces": {
				"north": {"uv": [4, 13.75, 9, 14], "texture": "#0"},
				"east": {"uv": [4, 13.5, 12, 13.75], "texture": "#0"},
				"south": {"uv": [4, 13.25, 9, 13.5], "texture": "#0"},
				"west": {"uv": [4, 13, 12, 13.25], "texture": "#0"},
				"up": {"uv": [0, 9, 5, 13], "texture": "#0"},
				"down": {"uv": [0, 9, 5, 13], "texture": "#0"}
			}
		},
		{
			"from": [7, 3, 3],
			"to": [9, 3.9, 12.5],
			"faces": {
				"north": {"uv": [6, 12.5, 8, 13], "texture": "#0"},
				"east": {"uv": [6, 11.5, 15.5, 12], "texture": "#0"},
				"south": {"uv": [6, 12, 8, 12.5], "texture": "#0"},
				"west": {"uv": [6, 11.5, 15.5, 12], "texture": "#0"},
				"up": {"uv": [14, 6.5, 16, 11.25], "texture": "#0"},
				"down": {"uv": [14, 6.5, 16, 11.25], "texture": "#0"}
			}
		},
		{
			"from": [3, 3, 4],
			"to": [8, 3.5, 12],
			"rotation": {"angle": -22.5, "axis": "z", "origin": [8, 4, 5]},
			"faces": {
				"north": {"uv": [4, 13.75, 9, 14], "texture": "#0"},
				"east": {"uv": [4, 13.5, 12, 13.75], "texture": "#0"},
				"south": {"uv": [4, 13.25, 9, 13.5], "texture": "#0"},
				"west": {"uv": [4, 13, 12, 13.25], "texture": "#0"},
				"up": {"uv": [0, 9, 5, 13], "texture": "#0"},
				"down": {"uv": [0, 9, 5, 13], "texture": "#0"}
			}
		},
		{
			"name": "pilonne",
			"from": [7, 3, -5],
			"to": [9, 5, 3],
			"rotation": {"angle": -22.5, "axis": "x", "origin": [8, 4, 3]},
			"faces": {
				"north": {"uv": [12, 14, 14, 15], "texture": "#0", "cullface": "north"},
				"east": {"uv": [6, 15, 14, 16], "texture": "#0"},
				"south": {"uv": [12, 14, 14, 15], "texture": "#0"},
				"west": {"uv": [6, 15, 14, 16], "texture": "#0"},
				"up": {"uv": [14, 12, 16, 16], "texture": "#0"},
				"down": {"uv": [14, 12, 16, 16], "texture": "#0"}
			}
		},
		{
			"name": "base",
			"from": [6, 2, -7],
			"to": [10, 6, -5],
			"rotation": {"angle": -22.5, "axis": "x", "origin": [8, 4, 3]},
			"faces": {
				"north": {"uv": [0, 14, 4, 16], "texture": "#0"},
				"east": {"uv": [4, 14, 6, 16], "texture": "#0"},
				"south": {"uv": [0, 14, 4, 16], "texture": "#0"},
				"west": {"uv": [4, 14, 6, 16], "texture": "#0"},
				"up": {"uv": [0, 13, 4, 14], "texture": "#0"},
				"down": {"uv": [0, 13, 4, 14], "texture": "#0"}
			}
		}
	],
	"gui_light": "front",
	"display": {
		"thirdperson_righthand": {
			"rotation": [38, 0, 0],
			"translation": [0, 6.75, -0.25]
		},
		"thirdperson_lefthand": {
			"rotation": [38, 0, 0],
			"translation": [0, 6.75, -0.25]
		},
		"firstperson_righthand": {
			"rotation": [38, 0, 0],
			"translation": [0, 6.75, -0.25]
		},
		"firstperson_lefthand": {
			"rotation": [38, 0, 0],
			"translation": [0, 6.75, -0.25]
		},
		"ground": {
			"translation": [0, 5.25, 0]
		},
		"gui": {
			"rotation": [30, 225, 0],
			"translation": [-2.25, 3.5, 0],
			"scale": [0.625, 0.625, 0.625]
		},
		"head": {
			"rotation": [-12, 0, 0],
			"translation": [0, 17.75, 0]
		},
		"fixed": {
			"rotation": [-157.5, 0, 0],
			"translation": [0, -5.75, -24.5],
			"scale": [1.5, 1.5, 1.5]
		}
	},
	"groups": [
		{
			"name": "Livre",
			"origin": [8, 1, 8],
			"color": 0,
			"children": [
				{
					"name": "pages",
					"origin": [8, 1, 8],
					"color": 0,
					"children": [
						{
							"name": "p",
							"origin": [8, 8, 8],
							"color": 0,
							"children": [0, 1]
						},
						{
							"name": "g",
							"origin": [8, 1, 8],
							"color": 0,
							"children": [2, 3]
						}
					]
				},
				{
					"name": "Couverture",
					"origin": [0, 0, 0],
					"color": 0,
					"children": [4, 5, 6]
				}
			]
		},
		{
			"name": "group",
			"origin": [8, 4, 3],
			"color": 0,
			"children": [
				{
					"name": "group",
					"origin": [8, 4, 5],
					"color": 0,
					"children": [7, 8, 9]
				},
				10,
				11
			]
		}
	]
}