{
	"credit": "Made with Blockbench",
	"textures": {
		"0": "item/trophy",
		"particle": "item/trophy"
	},
	"elements": [
		{
			"name": "1",
			"from": [4, 0, 4],
			"to": [12, 1, 12],
			"faces": {
				"north": {"uv": [8, 8, 16, 9], "texture": "#0"},
				"east": {"uv": [8, 8, 16, 9], "texture": "#0"},
				"south": {"uv": [8, 8, 16, 9], "texture": "#0"},
				"west": {"uv": [8, 8, 16, 9], "texture": "#0"},
				"up": {"uv": [16, 8, 8, 0], "texture": "#0"},
				"down": {"uv": [16, 0, 8, 8], "texture": "#0", "cullface": "down"}
			}
		},
		{
			"name": "2",
			"from": [5, 1, 5],
			"to": [11, 2, 11],
			"faces": {
				"north": {"uv": [1, 0, 7, 1], "texture": "#0"},
				"east": {"uv": [1, 0, 7, 1], "texture": "#0"},
				"south": {"uv": [0, 0, 6, 1], "texture": "#0"},
				"west": {"uv": [0, 0, 6, 1], "texture": "#0"},
				"up": {"uv": [7, 7, 1, 1], "texture": "#0"},
				"down": {"uv": [7, 3, 1, 9], "texture": "#0"}
			}
		},
		{
			"name": "3",
			"from": [7, 2, 7],
			"to": [9, 5, 9],
			"faces": {
				"north": {"uv": [1, 1, 3, 4], "texture": "#0"},
				"east": {"uv": [3, 1, 5, 4], "texture": "#0"},
				"south": {"uv": [5, 1, 7, 4], "texture": "#0"},
				"west": {"uv": [3, 1, 5, 4], "texture": "#0"},
				"up": {"uv": [3, 3, 1, 1], "texture": "#0"},
				"down": {"uv": [34, 33, 32, 35], "texture": "#0"}
			}
		},
		{
			"name": "4",
			"from": [4.5, 5, 4.5],
			"to": [11.5, 9, 11.5],
			"faces": {
				"north": {"uv": [1, 6, 8, 10], "texture": "#0"},
				"east": {"uv": [1, 6, 8, 10], "texture": "#0"},
				"south": {"uv": [1, 6, 8, 10], "texture": "#0"},
				"west": {"uv": [1, 6, 8, 10], "texture": "#0"},
				"up": {"uv": [16, 16, 9, 9], "texture": "#0"},
				"down": {"uv": [8, 3, 1, 10], "texture": "#0"}
			}
		},
		{
			"from": [5, 5.5, 11],
			"to": [11, 15.5, 12],
			"faces": {
				"north": {"uv": [1, 0, 7, 10], "texture": "#0"},
				"east": {"uv": [0, 30, 1, 40], "texture": "#0"},
				"south": {"uv": [1, 0, 7, 10], "texture": "#0"},
				"west": {"uv": [1, 30, 2, 40], "texture": "#0"},
				"up": {"uv": [6, 1, 0, 0], "texture": "#0", "cullface": "up"},
				"down": {"uv": [6, 9, 0, 10], "texture": "#0"}
			}
		},
		{
			"from": [11, 5.5, 4],
			"to": [12, 15.5, 12],
			"faces": {
				"north": {"uv": [0, 0, 1, 10], "texture": "#0"},
				"east": {"uv": [0, 0, 8, 10], "texture": "#0"},
				"south": {"uv": [7, 0, 8, 10], "texture": "#0"},
				"west": {"uv": [0, 0, 8, 10], "texture": "#0"},
				"up": {"uv": [1, 9, 0, 1], "texture": "#0", "cullface": "up"},
				"down": {"uv": [8, 0, 7, 8], "texture": "#0"}
			}
		},
		{
			"from": [5, 5.5, 4],
			"to": [11, 15.5, 5],
			"faces": {
				"north": {"uv": [1, 0, 7, 10], "texture": "#0"},
				"east": {"uv": [4, 30, 5, 40], "texture": "#0"},
				"south": {"uv": [1, 0, 7, 10], "texture": "#0"},
				"west": {"uv": [5, 30, 6, 40], "texture": "#0"},
				"up": {"uv": [6, 1, 0, 0], "texture": "#0", "cullface": "up"},
				"down": {"uv": [6, 9, 0, 10], "texture": "#0"}
			}
		},
		{
			"from": [4, 5.5, 4],
			"to": [5, 15.5, 12],
			"faces": {
				"north": {"uv": [7, 0, 8, 10], "texture": "#0"},
				"east": {"uv": [0, 0, 8, 10], "texture": "#0"},
				"south": {"uv": [0, 0, 1, 10], "texture": "#0"},
				"west": {"uv": [0, 0, 8, 10], "texture": "#0"},
				"up": {"uv": [0, 8, 1, 0], "texture": "#0", "cullface": "up"},
				"down": {"uv": [8, 1, 7, 9], "texture": "#0"}
			}
		},
		{
			"from": [2, 7, 7],
			"to": [4, 9, 9],
			"faces": {
				"north": {"uv": [3, 5, 5, 7], "texture": "#0"},
				"east": {"uv": [4, 6, 6, 8], "texture": "#0"},
				"south": {"uv": [4, 6, 6, 8], "texture": "#0"},
				"west": {"uv": [3, 5, 5, 7], "texture": "#0"},
				"up": {"uv": [5, 7, 3, 5], "texture": "#0"},
				"down": {"uv": [5, 5, 3, 7], "texture": "#0"}
			}
		},
		{
			"from": [1, 8, 7],
			"to": [3, 10, 9],
			"faces": {
				"north": {"uv": [4, 5, 6, 7], "texture": "#0"},
				"east": {"uv": [3, 6, 5, 8], "texture": "#0"},
				"south": {"uv": [3, 5, 5, 7], "texture": "#0"},
				"west": {"uv": [4, 5, 6, 7], "texture": "#0"},
				"up": {"uv": [6, 7, 4, 5], "texture": "#0"},
				"down": {"uv": [5, 5, 3, 7], "texture": "#0"}
			}
		},
		{
			"from": [0, 9, 7],
			"to": [2, 13, 9],
			"faces": {
				"north": {"uv": [3, 2, 5, 6], "texture": "#0"},
				"east": {"uv": [5, 4, 7, 8], "texture": "#0"},
				"south": {"uv": [3, 2, 5, 6], "texture": "#0"},
				"west": {"uv": [3, 2, 5, 6], "texture": "#0", "cullface": "west"},
				"up": {"uv": [5, 4, 3, 2], "texture": "#0"},
				"down": {"uv": [5, 4, 3, 6], "texture": "#0"}
			}
		},
		{
			"from": [1, 12, 7],
			"to": [4, 14, 9],
			"faces": {
				"north": {"uv": [4, 1, 7, 3], "texture": "#0"},
				"east": {"uv": [2, 6, 4, 8], "texture": "#0"},
				"south": {"uv": [4, 1, 7, 3], "texture": "#0"},
				"west": {"uv": [3, 2, 5, 4], "texture": "#0"},
				"up": {"uv": [7, 3, 4, 1], "texture": "#0"},
				"down": {"uv": [6, 6, 3, 8], "texture": "#0"}
			}
		},
		{
			"from": [12, 7, 7],
			"to": [14, 9, 9],
			"rotation": {"angle": 0, "axis": "y", "origin": [4, 10.5, 8]},
			"faces": {
				"north": {"uv": [5, 6, 7, 8], "texture": "#0"},
				"east": {"uv": [5, 6, 7, 8], "texture": "#0"},
				"south": {"uv": [4, 5, 6, 7], "texture": "#0"},
				"west": {"uv": [5, 6, 7, 8], "texture": "#0"},
				"up": {"uv": [6, 6, 4, 4], "texture": "#0"},
				"down": {"uv": [7, 6, 5, 8], "texture": "#0"}
			}
		},
		{
			"from": [13, 8, 7],
			"to": [15, 10, 9],
			"rotation": {"angle": 0, "axis": "y", "origin": [4, 10.5, 8]},
			"faces": {
				"north": {"uv": [4, 5, 6, 7], "texture": "#0"},
				"east": {"uv": [3, 6, 5, 8], "texture": "#0"},
				"south": {"uv": [4, 5, 6, 7], "texture": "#0"},
				"west": {"uv": [4, 5, 6, 7], "texture": "#0"},
				"up": {"uv": [4, 3, 2, 1], "texture": "#0"},
				"down": {"uv": [6, 5, 4, 7], "texture": "#0"}
			}
		},
		{
			"from": [14, 9, 7],
			"to": [16, 13, 9],
			"rotation": {"angle": 0, "axis": "y", "origin": [4, 10.5, 8]},
			"faces": {
				"north": {"uv": [3, 2, 5, 6], "texture": "#0"},
				"east": {"uv": [3, 2, 5, 6], "texture": "#0", "cullface": "east"},
				"south": {"uv": [3, 2, 5, 6], "texture": "#0"},
				"west": {"uv": [3, 2, 5, 6], "texture": "#0"},
				"up": {"uv": [5, 8, 3, 6], "texture": "#0"},
				"down": {"uv": [7, 5, 5, 7], "texture": "#0"}
			}
		},
		{
			"from": [12, 12, 7],
			"to": [15, 14, 9],
			"rotation": {"angle": 0, "axis": "y", "origin": [4, 10.5, 8]},
			"faces": {
				"north": {"uv": [4, 1, 7, 3], "texture": "#0"},
				"east": {"uv": [4, 6, 6, 8], "texture": "#0"},
				"south": {"uv": [4, 1, 7, 3], "texture": "#0"},
				"west": {"uv": [5, 1, 7, 3], "texture": "#0"},
				"up": {"uv": [5, 5, 2, 3], "texture": "#0"},
				"down": {"uv": [5, 7, 2, 9], "texture": "#0"}
			}
		}
	],
	"display": {
		"thirdperson_righthand": {
			"rotation": [-9, 0, 0],
			"translation": [0, 3.75, 0],
			"scale": [0.5, 0.5, 0.5]
		},
		"gui": {
			"rotation": [30, 225, 0],
			"scale": [0.625, 0.625, 0.625]
		},
		"head": {
			"translation": [0, 15, 0]
		},
		"fixed": {
			"rotation": [-90, 0, 0],
			"translation": [0, 0, -12],
			"scale": [1.5, 1.5, 1.5]
		}
	},
	"groups": [
		{
			"name": "trofy",
			"origin": [8, 8, 8],
			"color": 0,
			"children": [
				{
					"name": "base",
					"origin": [0, 0, 0],
					"color": 0,
					"children": [0, 1, 2, 3]
				},
				{
					"name": "bord",
					"origin": [0, 0, 0],
					"color": 0,
					"children": [4, 5, 6, 7]
				},
				{
					"name": "poingner 1",
					"origin": [8, 8, 8],
					"color": 0,
					"children": [8, 9, 10, 11]
				},
				{
					"name": "poingner 2",
					"origin": [8, 8, 8],
					"color": 0,
					"children": [12, 13, 14, 15]
				}
			]
		}
	]
}