{
	"credit": "Made with Blockbench",
	"texture_size": [128, 128],
	"textures": {
		"0": "item/canon",
		"particle": "item/canon"
	},
	"elements": [
		{
			"from": [-10.75, 22, 6],
			"to": [-8.75, 30, 10],
			"rotation": {"angle": 22.5, "axis": "z", "origin": [-9, 21, 6]},
			"faces": {
				"north": {"uv": [0.75, 6.5, 1, 7.5], "texture": "#0"},
				"east": {"uv": [2, 7, 2.5, 8], "texture": "#0"},
				"south": {"uv": [3.25, 7.25, 3.5, 8.25], "texture": "#0"},
				"west": {"uv": [5.5, 7, 6, 8], "texture": "#0"},
				"up": {"uv": [3.25, 8.25, 3, 7.75], "texture": "#0"},
				"down": {"uv": [3.5, 8.25, 3.25, 8.75], "texture": "#0"}
			}
		},
		{
			"from": [-16, 28, 0],
			"to": [-10, 32, 16],
			"rotation": {"angle": 0, "axis": "y", "origin": [-1, 2, -2]},
			"faces": {
				"north": {"uv": [2.5, 7.25, 3.25, 7.75], "texture": "#0"},
				"east": {"uv": [4.75, 2.75, 6.75, 3.25], "texture": "#0"},
				"south": {"uv": [7.5, 1.75, 8.25, 2.25], "texture": "#0"},
				"west": {"uv": [4.75, 3.25, 6.75, 3.75], "texture": "#0"},
				"up": {"uv": [5.5, 2.75, 4.75, 0.75], "texture": "#0"},
				"down": {"uv": [3.5, 5.25, 2.75, 7.25], "texture": "#0"}
			}
		},
		{
			"from": [-10, 29.5, 3.5],
			"to": [-2, 30.5, 4.5],
			"faces": {
				"north": {"uv": [9, 2.5, 10, 2.625], "texture": "#0"},
				"east": {"uv": [9, 2.5, 9.125, 2.625], "texture": "#0"},
				"south": {"uv": [10, 2.5, 9, 2.625], "texture": "#0"},
				"west": {"uv": [9, 2.5, 9.125, 2.625], "texture": "#0"},
				"up": {"uv": [10, 2.5, 9, 2.625], "texture": "#0"},
				"down": {"uv": [10, 2.5, 9, 2.625], "texture": "#0"}
			}
		},
		{
			"from": [-10, 29.5, 11.5],
			"to": [-2, 30.5, 12.5],
			"faces": {
				"north": {"uv": [9, 2.5, 10, 2.625], "texture": "#0"},
				"east": {"uv": [9, 2.5, 9.125, 2.625], "texture": "#0"},
				"south": {"uv": [10, 2.5, 9, 2.625], "texture": "#0"},
				"west": {"uv": [9, 2.5, 9.125, 2.625], "texture": "#0"},
				"up": {"uv": [10, 2.5, 9, 2.625], "texture": "#0"},
				"down": {"uv": [10, 2.5, 9, 2.625], "texture": "#0"}
			}
		},
		{
			"name": "manche",
			"from": [11, 23, 7],
			"to": [27, 25, 9],
			"rotation": {"angle": 0, "axis": "y", "origin": [23, 2, -2]},
			"faces": {
				"north": {"uv": [6.5, 1.5, 8.5, 1.75], "texture": "#0"},
				"east": {"uv": [2.5, 7, 2.75, 7.25], "texture": "#0"},
				"south": {"uv": [6, 7.25, 8, 7.5], "texture": "#0"},
				"west": {"uv": [8.25, 6.375, 8.5, 6.625], "texture": "#0"},
				"up": {"uv": [2, 7.75, 0, 7.5], "texture": "#0"},
				"down": {"uv": [9.5, 0, 7.5, 0.25], "texture": "#0"}
			}
		},
		{
			"from": [28, 22, 9],
			"to": [30, 26, 10],
			"rotation": {"angle": 22.5, "axis": "y", "origin": [30, 22, 10]},
			"faces": {
				"north": {"uv": [8.25, 3.75, 8.5, 4.25], "texture": "#0"},
				"east": {"uv": [7, 8.25, 7.125, 8.75], "texture": "#0"},
				"south": {"uv": [8.25, 4.25, 8.5, 4.75], "texture": "#0"},
				"west": {"uv": [7.125, 8.25, 7.25, 8.75], "texture": "#0"},
				"up": {"uv": [8.75, 3.375, 8.5, 3.25], "texture": "#0"},
				"down": {"uv": [8.75, 3.375, 8.5, 3.5], "texture": "#0"}
			}
		},
		{
			"from": [28, 25, 6],
			"to": [30, 26, 10],
			"rotation": {"angle": -22.5, "axis": "z", "origin": [30, 26, 6]},
			"faces": {
				"north": {"uv": [8.5, 3.5, 8.75, 3.625], "texture": "#0"},
				"east": {"uv": [8.25, 6.625, 8.75, 6.75], "texture": "#0"},
				"south": {"uv": [8.5, 3.625, 8.75, 3.75], "texture": "#0"},
				"west": {"uv": [8.25, 6.75, 8.75, 6.875], "texture": "#0"},
				"up": {"uv": [8.5, 5.25, 8.25, 4.75], "texture": "#0"},
				"down": {"uv": [8.5, 5.25, 8.25, 5.75], "texture": "#0"}
			}
		},
		{
			"from": [28, 22, 6],
			"to": [30, 23, 10],
			"rotation": {"angle": 22.5, "axis": "z", "origin": [30, 22, 6]},
			"faces": {
				"north": {"uv": [8.5, 3.75, 8.75, 3.875], "texture": "#0"},
				"east": {"uv": [8.25, 6.875, 8.75, 7], "texture": "#0"},
				"south": {"uv": [8.5, 3.875, 8.75, 4], "texture": "#0"},
				"west": {"uv": [8.25, 7.5, 8.75, 7.625], "texture": "#0"},
				"up": {"uv": [5.75, 8.75, 5.5, 8.25], "texture": "#0"},
				"down": {"uv": [6, 8.25, 5.75, 8.75], "texture": "#0"}
			}
		},
		{
			"from": [28, 22, 6],
			"to": [30, 26, 7],
			"rotation": {"angle": -22.5, "axis": "y", "origin": [30, 22, 6]},
			"faces": {
				"north": {"uv": [8.25, 5.75, 8.5, 6.25], "texture": "#0"},
				"east": {"uv": [7.25, 8.25, 7.375, 8.75], "texture": "#0"},
				"south": {"uv": [6, 8.25, 6.25, 8.75], "texture": "#0"},
				"west": {"uv": [7.375, 8.25, 7.5, 8.75], "texture": "#0"},
				"up": {"uv": [8.75, 4.125, 8.5, 4], "texture": "#0"},
				"down": {"uv": [8.75, 4.125, 8.5, 4.25], "texture": "#0"}
			}
		},
		{
			"from": [27, 22, 6],
			"to": [31, 26, 10],
			"rotation": {"angle": 0, "axis": "y", "origin": [23, 2, -2]},
			"faces": {
				"north": {"uv": [7.75, 1, 8.25, 1.5], "texture": "#0"},
				"east": {"uv": [1.5, 7.75, 2, 8.25], "texture": "#0"},
				"south": {"uv": [2.5, 7.75, 3, 8.25], "texture": "#0"},
				"west": {"uv": [2, 8, 2.5, 8.5], "texture": "#0"},
				"up": {"uv": [8.5, 3.25, 8, 2.75], "texture": "#0"},
				"down": {"uv": [8.5, 3.25, 8, 3.75], "texture": "#0"}
			}
		},
		{
			"from": [15, 23, 4],
			"to": [23, 25, 12],
			"rotation": {"angle": 0, "axis": "y", "origin": [30, 22, 6]},
			"faces": {
				"north": {"uv": [7.5, 7, 8.5, 7.25], "texture": "#0"},
				"east": {"uv": [5.5, 8, 6.5, 8.25], "texture": "#0"},
				"south": {"uv": [6.5, 8, 7.5, 8.25], "texture": "#0"},
				"west": {"uv": [8, 7.25, 9, 7.5], "texture": "#0"},
				"up": {"uv": [1, 6.5, 0, 5.5], "texture": "#0"},
				"down": {"uv": [6.5, 0.75, 5.5, 1.75], "texture": "#0"}
			}
		},
		{
			"from": [14, 22, 6],
			"to": [24, 26, 10],
			"rotation": {"angle": 0, "axis": "y", "origin": [23, 2, -2]},
			"faces": {
				"north": {"uv": [6.5, 1, 7.75, 1.5], "texture": "#0"},
				"east": {"uv": [7.5, 8, 8, 8.5], "texture": "#0"},
				"south": {"uv": [5.5, 6.5, 6.75, 7], "texture": "#0"},
				"west": {"uv": [8, 8, 8.5, 8.5], "texture": "#0"},
				"up": {"uv": [8, 3.25, 6.75, 2.75], "texture": "#0"},
				"down": {"uv": [8, 3.25, 6.75, 3.75], "texture": "#0"}
			}
		},
		{
			"from": [-11, 21, 3],
			"to": [11, 27, 13],
			"rotation": {"angle": 0, "axis": "y", "origin": [-1, 2, -2]},
			"faces": {
				"north": {"uv": [0, 4.75, 2.75, 5.5], "texture": "#0"},
				"east": {"uv": [5.5, 4.75, 6.75, 5.5], "texture": "#0"},
				"south": {"uv": [4.75, 0, 7.5, 0.75], "texture": "#0"},
				"west": {"uv": [5.5, 5.5, 6.75, 6.25], "texture": "#0"},
				"up": {"uv": [2.75, 4.75, 0, 3.5], "texture": "#0"},
				"down": {"uv": [5.5, 4, 2.75, 5.25], "texture": "#0"}
			}
		},
		{
			"from": [-11, 23, 1],
			"to": [11, 25, 15],
			"rotation": {"angle": 0, "axis": "y", "origin": [-1, 2, -2]},
			"faces": {
				"north": {"uv": [5.5, 6.25, 8.25, 6.5], "texture": "#0"},
				"east": {"uv": [7.5, 0.25, 9.25, 0.5], "texture": "#0"},
				"south": {"uv": [6.5, 0.75, 9.25, 1], "texture": "#0"},
				"west": {"uv": [7.5, 0.5, 9.25, 0.75], "texture": "#0"},
				"up": {"uv": [2.75, 1.75, 0, 0], "texture": "#0"},
				"down": {"uv": [2.75, 1.75, 0, 3.5], "texture": "#0"}
			}
		},
		{
			"from": [2, 27, 6],
			"to": [8, 27.5, 10],
			"faces": {
				"north": {"uv": [9.5, 1.75, 10.25, 1.8125], "texture": "#0"},
				"east": {"uv": [9.5, 1.875, 10, 1.9375], "texture": "#0"},
				"south": {"uv": [9.5, 2, 10.25, 2.0625], "texture": "#0"},
				"west": {"uv": [9.5, 2.125, 10, 2.1875], "texture": "#0"},
				"up": {"uv": [8.75, 1, 9.5, 1.5], "texture": "#0"},
				"down": {"uv": [8.75, 1.75, 9.5, 2.25], "texture": "#0"}
			}
		},
		{
			"from": [2, 2, 6],
			"to": [6, 25, 10],
			"rotation": {"angle": 22.5, "axis": "z", "origin": [6, 2, 6]},
			"faces": {
				"north": {"uv": [3.5, 5.25, 4, 8.125], "texture": "#0"},
				"east": {"uv": [4, 5.25, 4.5, 8.125], "texture": "#0"},
				"south": {"uv": [4.5, 5.25, 5, 8.125], "texture": "#0"},
				"west": {"uv": [5, 5.25, 5.5, 8.125], "texture": "#0"},
				"up": {"uv": [4, 8.625, 3.5, 8.125], "texture": "#0"},
				"down": {"uv": [4.5, 8.125, 4, 8.625], "texture": "#0"}
			}
		},
		{
			"from": [1, 8, 5],
			"to": [7, 12, 11],
			"rotation": {"angle": 22.5, "axis": "z", "origin": [6, 2, 6]},
			"faces": {
				"north": {"uv": [7.5, 2.25, 8.25, 2.75], "texture": "#0"},
				"east": {"uv": [7.5, 3.75, 8.25, 4.25], "texture": "#0"},
				"south": {"uv": [7.5, 4.25, 8.25, 4.75], "texture": "#0"},
				"west": {"uv": [7.5, 4.75, 8.25, 5.25], "texture": "#0"},
				"up": {"uv": [2.75, 6.25, 2, 5.5], "texture": "#0"},
				"down": {"uv": [2.75, 6.25, 2, 7], "texture": "#0"}
			}
		},
		{
			"from": [1, 14, 5],
			"to": [7, 16, 11],
			"rotation": {"angle": 22.5, "axis": "z", "origin": [6, 2, 6]},
			"faces": {
				"north": {"uv": [4.75, 3.75, 5.5, 4], "texture": "#0"},
				"east": {"uv": [6, 7, 6.75, 7.25], "texture": "#0"},
				"south": {"uv": [0, 7.25, 0.75, 7.5], "texture": "#0"},
				"west": {"uv": [2.5, 8.25, 3.25, 8.5], "texture": "#0"},
				"up": {"uv": [0.75, 7.25, 0, 6.5], "texture": "#0"},
				"down": {"uv": [7.5, 4.75, 6.75, 5.5], "texture": "#0"}
			}
		},
		{
			"from": [1, 18, 5],
			"to": [7, 22, 11],
			"rotation": {"angle": 22.5, "axis": "z", "origin": [6, 2, 6]},
			"faces": {
				"north": {"uv": [7.5, 5.25, 8.25, 5.75], "texture": "#0"},
				"east": {"uv": [7.5, 5.75, 8.25, 6.25], "texture": "#0"},
				"south": {"uv": [6, 7.5, 6.75, 8], "texture": "#0"},
				"west": {"uv": [7.5, 6.5, 8.25, 7], "texture": "#0"},
				"up": {"uv": [7.5, 6.25, 6.75, 5.5], "texture": "#0"},
				"down": {"uv": [7.5, 6.5, 6.75, 7.25], "texture": "#0"}
			}
		},
		{
			"from": [-5, 0, 0],
			"to": [11, 4, 16],
			"faces": {
				"north": {"uv": [5.5, 1.75, 7.5, 2.25], "texture": "#0"},
				"east": {"uv": [5.5, 2.25, 7.5, 2.75], "texture": "#0"},
				"south": {"uv": [5.5, 3.75, 7.5, 4.25], "texture": "#0"},
				"west": {"uv": [5.5, 4.25, 7.5, 4.75], "texture": "#0"},
				"up": {"uv": [4.75, 2, 2.75, 0], "texture": "#0"},
				"down": {"uv": [4.75, 2, 2.75, 4], "texture": "#0"}
			}
		},
		{
			"from": [1, 0, -1],
			"to": [5, 4, 0],
			"faces": {
				"north": {"uv": [4.5, 8.125, 5, 8.625], "texture": "#0"},
				"east": {"uv": [6.25, 8.375, 6.375, 8.875], "texture": "#0"},
				"south": {"uv": [5, 8.125, 5.5, 8.625], "texture": "#0"},
				"west": {"uv": [6.375, 8.375, 6.5, 8.875], "texture": "#0"},
				"up": {"uv": [8.75, 7.75, 8.25, 7.625], "texture": "#0"},
				"down": {"uv": [8.75, 7.75, 8.25, 7.875], "texture": "#0"}
			}
		},
		{
			"from": [1, 0, 16],
			"to": [5, 4, 17],
			"faces": {
				"north": {"uv": [0, 8.25, 0.5, 8.75], "texture": "#0"},
				"east": {"uv": [6.5, 8.375, 6.625, 8.875], "texture": "#0"},
				"south": {"uv": [0.5, 8.25, 1, 8.75], "texture": "#0"},
				"west": {"uv": [6.625, 8.375, 6.75, 8.875], "texture": "#0"},
				"up": {"uv": [8.75, 8, 8.25, 7.875], "texture": "#0"},
				"down": {"uv": [9, 1.5, 8.5, 1.625], "texture": "#0"}
			}
		},
		{
			"from": [11, 0, 6],
			"to": [12, 4, 10],
			"faces": {
				"north": {"uv": [6.75, 8.375, 6.875, 8.875], "texture": "#0"},
				"east": {"uv": [1, 8.25, 1.5, 8.75], "texture": "#0"},
				"south": {"uv": [6.875, 8.375, 7, 8.875], "texture": "#0"},
				"west": {"uv": [8.25, 1, 8.75, 1.5], "texture": "#0"},
				"up": {"uv": [2.125, 9, 2, 8.5], "texture": "#0"},
				"down": {"uv": [2.25, 8.5, 2.125, 9], "texture": "#0"}
			}
		},
		{
			"from": [-6, 0, 6],
			"to": [-5, 4, 10],
			"faces": {
				"north": {"uv": [2.25, 8.5, 2.375, 9], "texture": "#0"},
				"east": {"uv": [1.5, 8.25, 2, 8.75], "texture": "#0"},
				"south": {"uv": [2.375, 8.5, 2.5, 9], "texture": "#0"},
				"west": {"uv": [8.25, 1.75, 8.75, 2.25], "texture": "#0"},
				"up": {"uv": [2.625, 9, 2.5, 8.5], "texture": "#0"},
				"down": {"uv": [2.75, 8.5, 2.625, 9], "texture": "#0"}
			}
		},
		{
			"from": [1, 4, 0],
			"to": [5, 5, 16],
			"faces": {
				"north": {"uv": [8.5, 1.625, 9, 1.75], "texture": "#0"},
				"east": {"uv": [8.25, 2.25, 10.25, 2.375], "texture": "#0"},
				"south": {"uv": [2.75, 8.5, 3.25, 8.625], "texture": "#0"},
				"west": {"uv": [8.25, 2.375, 10.25, 2.5], "texture": "#0"},
				"up": {"uv": [1.5, 7.5, 1, 5.5], "texture": "#0"},
				"down": {"uv": [2, 5.5, 1.5, 7.5], "texture": "#0"}
			}
		},
		{
			"from": [-5, 4, 6],
			"to": [1, 5, 10],
			"faces": {
				"north": {"uv": [8.25, 2.5, 9, 2.625], "texture": "#0"},
				"east": {"uv": [8.5, 2.75, 9, 2.875], "texture": "#0"},
				"south": {"uv": [8.25, 2.625, 9, 2.75], "texture": "#0"},
				"west": {"uv": [8.5, 2.875, 9, 3], "texture": "#0"},
				"up": {"uv": [7.5, 8, 6.75, 7.5], "texture": "#0"},
				"down": {"uv": [8.25, 7.5, 7.5, 8], "texture": "#0"}
			}
		},
		{
			"from": [5, 4, 6],
			"to": [11, 5, 10],
			"faces": {
				"north": {"uv": [6.25, 8.25, 7, 8.375], "texture": "#0"},
				"east": {"uv": [8.5, 3, 9, 3.125], "texture": "#0"},
				"south": {"uv": [8.25, 6.25, 9, 6.375], "texture": "#0"},
				"west": {"uv": [8.5, 3.125, 9, 3.25], "texture": "#0"},
				"up": {"uv": [0.75, 8.25, 0, 7.75], "texture": "#0"},
				"down": {"uv": [1.5, 7.75, 0.75, 8.25], "texture": "#0"}
			}
		}
	],
	"display": {
		"thirdperson_righthand": {
			"rotation": [0, 90, 0],
			"scale": [0.5, 0.5, 0.5]
		},
		"thirdperson_lefthand": {
			"rotation": [0, -90, 0],
			"scale": [0.5, 0.5, 0.5]
		},
		"firstperson_righthand": {
			"rotation": [0, 90, 0],
			"translation": [-1, -1.5, 0],
			"scale": [0.5, 0.5, 0.5]
		},
		"firstperson_lefthand": {
			"rotation": [0, -90, 0],
			"translation": [-1, -1.5, 0],
			"scale": [0.5, 0.5, 0.5]
		},
		"ground": {
			"scale": [0.25, 0.25, 0.25]
		},
		"gui": {
			"rotation": [0, -59, 0],
			"translation": [0.75, -3, 0],
			"scale": [0.4, 0.4, 0.4]
		},
		"fixed": {
			"rotation": [-90, -11, 0],
			"translation": [0, 0, -6.25],
			"scale": [0.8, 0.8, 0.8]
		}
	},
	"groups": [
		{
			"name": "canon",
			"origin": [8, 8, 8],
			"color": 0,
			"children": [
				{
					"name": "arriere",
					"origin": [-9, 21, 6],
					"color": 0,
					"children": [0, 1, 2, 3]
				},
				4,
				{
					"name": "pointe",
					"origin": [23, 2, -2],
					"color": 0,
					"children": [5, 6, 7, 8, 9]
				},
				{
					"name": "corps1",
					"origin": [30, 22, 6],
					"color": 0,
					"children": [10, 11]
				},
				{
					"name": "corps2",
					"origin": [-1, 2, -2],
					"color": 0,
					"children": [12, 13, 14]
				},
				{
					"name": "manchesocle",
					"origin": [8, 8, 8],
					"color": 0,
					"children": [15, 16, 17, 18]
				}
			]
		},
		{
			"name": "socle",
			"origin": [8, 8, 8],
			"color": 0,
			"children": [19, 20, 21, 22, 23, 24, 25, 26]
		}
	]
}