{
	"credit": "Made with Blockbench",
	"texture_size": [32, 16],
	"textures": {
		"0": "item/wormhole_analysis_laboratory",
		"particle": "item/wormhole_analysis_laboratory"
	},
	"elements": [
		{
			"from": [-16, 0, 8],
			"to": [32, 24, 8],
			"faces": {
				"north": {"uv": [0, 0, 16, 16], "texture": "#0"},
				"east": {"uv": [0, 0, 0, 8], "texture": "#missing"},
				"south": {"uv": [0, 8, 8, 16], "texture": "#0"},
				"west": {"uv": [0, 0, 0, 8], "texture": "#missing"},
				"up": {"uv": [8, 0, 0, 0], "texture": "#missing"},
				"down": {"uv": [8, 0, 0, 0], "texture": "#missing"}
			}
		}
	],
	"display": {
		"fixed": {
			"translation": [0, 16.5, -0.5],
			"scale": [4, 4, 4]
		}
	}
}