{
	"credit": "Made with Blockbench",
	"textures": {
		"0": "item/pizza",
		"particle": "item/pizza"
	},
	"elements": [
		{
			"from": [0, 0, 8],
			"to": [16, 16, 8],
			"faces": {
				"north": {"uv": [0, 0, 16, 16], "texture": "#0"},
				"east": {"uv": [0, 0, 0, 16], "texture": "#0"},
				"south": {"uv": [0, 0, 16, 16], "texture": "#0"},
				"west": {"uv": [0, 0, 0, 16], "texture": "#0"},
				"up": {"uv": [0, 0, 16, 0], "texture": "#0"},
				"down": {"uv": [0, 0, 16, 0], "texture": "#0"}
			}
		}
	],
	"overrides": [
		{"predicate": {"custom_model_data": 1234567}, "model": "item/zagamapizza"}
	],
	"display": {
		"thirdperson_righthand": {
			"rotation": [11, 89.5, 0],
			"translation": [0, -1, -4],
			"scale": [0.6, 0.6, 0.6]
		},
		"thirdperson_lefthand": {
			"rotation": [11, 89.5, 0],
			"translation": [0, -1, -4],
			"scale": [0.6, 0.6, 0.6]
		},
		"ground": {
			"scale": [0.5, 0.5, 0.5]
		},
		"head": {
			"translation": [0, 0, -6.25]
		},
		"fixed": {
			"rotation": [0, 0, 10],
			"translation": [0, 0, -0.5],
			"scale": [1.3, 1.3, 1.3]
		}
	}
}